{
    "counter": {
        "ACTIVE": 412,
        "INACTIVE": 1,
        "INVALID": 0,
        "MALICIOUS": 0,
        "SANE": 0,
        "VALID": 0,
        "total": 413
    },
    "percentage": {
        "ACTIVE": 99.75786924939467,
        "INACTIVE": 0.26666666666666666,
        "INVALID": 0,
        "MALICIOUS": 0,
        "SANE": 0,
        "VALID": 0,
        "total": 100.02453591606134
    }
}