{
    "counter": {
        "ACTIVE": 182,
        "INACTIVE": 1,
        "INVALID": 0,
        "MALICIOUS": 0,
        "SANE": 0,
        "VALID": 0,
        "total": 183
    },
    "percentage": {
        "ACTIVE": 99.4535519125683,
        "INACTIVE": 14.285714285714286,
        "INVALID": 0,
        "MALICIOUS": 0,
        "SANE": 0,
        "VALID": 0,
        "total": 113.73926619828259
    }
}