{
    "counter": {
        "ACTIVE": 46,
        "INACTIVE": 1,
        "INVALID": 0,
        "MALICIOUS": 0,
        "SANE": 0,
        "VALID": 0,
        "total": 47
    },
    "percentage": {
        "ACTIVE": 97.87234042553192,
        "INACTIVE": 14.285714285714286,
        "INVALID": 0,
        "MALICIOUS": 0,
        "SANE": 0,
        "VALID": 0,
        "total": 112.15805471124621
    }
}