{
    "counter": {
        "ACTIVE": 272,
        "INACTIVE": 1,
        "INVALID": 0,
        "MALICIOUS": 0,
        "SANE": 0,
        "VALID": 0,
        "total": 273
    },
    "percentage": {
        "ACTIVE": 99.63369963369964,
        "INACTIVE": 14.285714285714286,
        "INVALID": 0,
        "MALICIOUS": 0,
        "SANE": 0,
        "VALID": 0,
        "total": 113.91941391941393
    }
}