{
    "counter": {
        "ACTIVE": 8360,
        "INACTIVE": 7,
        "INVALID": 0,
        "MALICIOUS": 0,
        "SANE": 0,
        "VALID": 0,
        "total": 8367
    },
    "percentage": {
        "ACTIVE": 99.91633799450221,
        "INACTIVE": 0.09187557422233888,
        "INVALID": 0,
        "MALICIOUS": 0,
        "SANE": 0,
        "VALID": 0,
        "total": 100.00821356872456
    }
}