{
    "counter": {
        "ACTIVE": 8316,
        "INACTIVE": 2,
        "INVALID": 0,
        "MALICIOUS": 0,
        "SANE": 0,
        "VALID": 0,
        "total": 8318
    },
    "percentage": {
        "ACTIVE": 99.97595575859582,
        "INACTIVE": 0.034453057708871665,
        "INVALID": 0,
        "MALICIOUS": 0,
        "SANE": 0,
        "VALID": 0,
        "total": 100.01040881630469
    }
}