{
    "counter": {
        "ACTIVE": 3454,
        "INACTIVE": 50,
        "INVALID": 0,
        "MALICIOUS": 0,
        "SANE": 0,
        "VALID": 0,
        "total": 3504
    },
    "percentage": {
        "ACTIVE": 98.5730593607306,
        "INACTIVE": 1.5096618357487923,
        "INVALID": 0,
        "MALICIOUS": 0,
        "SANE": 0,
        "VALID": 0,
        "total": 100.08272119647938
    }
}