{
    "counter": {
        "ACTIVE": 8319,
        "INACTIVE": 3,
        "INVALID": 0,
        "MALICIOUS": 0,
        "SANE": 0,
        "VALID": 0,
        "total": 8322
    },
    "percentage": {
        "ACTIVE": 99.96395097332372,
        "INACTIVE": 0.038895371450797356,
        "INVALID": 0,
        "MALICIOUS": 0,
        "SANE": 0,
        "VALID": 0,
        "total": 100.00284634477451
    }
}