{
    "counter": {
        "ACTIVE": 8420,
        "INACTIVE": 233,
        "INVALID": 0,
        "MALICIOUS": 0,
        "SANE": 0,
        "VALID": 0,
        "total": 8653
    },
    "percentage": {
        "ACTIVE": 97.30729226857737,
        "INACTIVE": 2.700822997565782,
        "INVALID": 0,
        "MALICIOUS": 0,
        "SANE": 0,
        "VALID": 0,
        "total": 100.00811526614315
    }
}