{
    "counter": {
        "ACTIVE": 7640,
        "INACTIVE": 204,
        "INVALID": 0,
        "MALICIOUS": 0,
        "SANE": 0,
        "VALID": 0,
        "total": 7844
    },
    "percentage": {
        "ACTIVE": 97.39928607853136,
        "INACTIVE": 2.6043661432401377,
        "INVALID": 0,
        "MALICIOUS": 0,
        "SANE": 0,
        "VALID": 0,
        "total": 100.0036522217715
    }
}