{
    "counter": {
        "ACTIVE": 6690,
        "INACTIVE": 144,
        "INVALID": 0,
        "MALICIOUS": 0,
        "SANE": 0,
        "VALID": 0,
        "total": 6834
    },
    "percentage": {
        "ACTIVE": 97.89288849868305,
        "INACTIVE": 2.1092720082027245,
        "INVALID": 0,
        "MALICIOUS": 0,
        "SANE": 0,
        "VALID": 0,
        "total": 100.00216050688577
    }
}