{
    "counter": {
        "ACTIVE": 4031,
        "INACTIVE": 58,
        "INVALID": 0,
        "MALICIOUS": 0,
        "SANE": 0,
        "VALID": 0,
        "total": 4089
    },
    "percentage": {
        "ACTIVE": 98.58156028368795,
        "INACTIVE": 1.4285714285714286,
        "INVALID": 0,
        "MALICIOUS": 0,
        "SANE": 0,
        "VALID": 0,
        "total": 100.01013171225938
    }
}