{
    "counter": {
        "ACTIVE": 1256,
        "INACTIVE": 22,
        "INVALID": 0,
        "MALICIOUS": 0,
        "SANE": 0,
        "VALID": 0,
        "total": 1278
    },
    "percentage": {
        "ACTIVE": 98.35552075176194,
        "INACTIVE": 1.7214397496087637,
        "INVALID": 0,
        "MALICIOUS": 0,
        "SANE": 0,
        "VALID": 0,
        "total": 100.0769605013707
    }
}