{
    "counter": {
        "ACTIVE": 5025,
        "INACTIVE": 71,
        "INVALID": 0,
        "MALICIOUS": 0,
        "SANE": 0,
        "VALID": 0,
        "total": 5096
    },
    "percentage": {
        "ACTIVE": 98.60675039246468,
        "INACTIVE": 1.3962635201573255,
        "INVALID": 0,
        "MALICIOUS": 0,
        "SANE": 0,
        "VALID": 0,
        "total": 100.003013912622
    }
}