{
    "counter": {
        "ACTIVE": 63137,
        "INACTIVE": 211,
        "INVALID": 0,
        "MALICIOUS": 0,
        "SANE": 0,
        "VALID": 0,
        "total": 63348
    },
    "percentage": {
        "ACTIVE": 99.666919239755,
        "INACTIVE": 0.3358375246705291,
        "INVALID": 0,
        "MALICIOUS": 0,
        "SANE": 0,
        "VALID": 0,
        "total": 100.00275676442553
    }
}