{
    "counter": {
        "ACTIVE": 818,
        "INACTIVE": 13,
        "INVALID": 0,
        "MALICIOUS": 0,
        "SANE": 0,
        "VALID": 0,
        "total": 831
    },
    "percentage": {
        "ACTIVE": 98.43561973525873,
        "INACTIVE": 1.6560509554140128,
        "INVALID": 0,
        "MALICIOUS": 0,
        "SANE": 0,
        "VALID": 0,
        "total": 100.09167069067274
    }
}