{
    "counter": {
        "ACTIVE": 8306,
        "INACTIVE": 229,
        "INVALID": 0,
        "MALICIOUS": 0,
        "SANE": 0,
        "VALID": 0,
        "total": 8535
    },
    "percentage": {
        "ACTIVE": 97.31693028705331,
        "INACTIVE": 2.6859019469856906,
        "INVALID": 0,
        "MALICIOUS": 0,
        "SANE": 0,
        "VALID": 0,
        "total": 100.002832234039
    }
}