{
    "counter": {
        "ACTIVE": 6340,
        "INACTIVE": 128,
        "INVALID": 0,
        "MALICIOUS": 0,
        "SANE": 0,
        "VALID": 0,
        "total": 6468
    },
    "percentage": {
        "ACTIVE": 98.02102659245516,
        "INACTIVE": 1.9891219891219891,
        "INVALID": 0,
        "MALICIOUS": 0,
        "SANE": 0,
        "VALID": 0,
        "total": 100.01014858157714
    }
}