{
    "counter": {
        "ACTIVE": 6606,
        "INACTIVE": 138,
        "INVALID": 0,
        "MALICIOUS": 0,
        "SANE": 0,
        "VALID": 0,
        "total": 6744
    },
    "percentage": {
        "ACTIVE": 97.95373665480427,
        "INACTIVE": 2.053265883053117,
        "INVALID": 0,
        "MALICIOUS": 0,
        "SANE": 0,
        "VALID": 0,
        "total": 100.00700253785739
    }
}