{
    "counter": {
        "ACTIVE": 5753,
        "INACTIVE": 101,
        "INVALID": 0,
        "MALICIOUS": 0,
        "SANE": 0,
        "VALID": 0,
        "total": 5854
    },
    "percentage": {
        "ACTIVE": 98.27468397676802,
        "INACTIVE": 1.729155966444102,
        "INVALID": 0,
        "MALICIOUS": 0,
        "SANE": 0,
        "VALID": 0,
        "total": 100.00383994321211
    }
}