{
    "counter": {
        "ACTIVE": 8286,
        "INACTIVE": 1,
        "INVALID": 0,
        "MALICIOUS": 0,
        "SANE": 0,
        "VALID": 0,
        "total": 8287
    },
    "percentage": {
        "ACTIVE": 99.98793290696271,
        "INACTIVE": 0.01729804532087874,
        "INVALID": 0,
        "MALICIOUS": 0,
        "SANE": 0,
        "VALID": 0,
        "total": 100.0052309522836
    }
}