{
    "counter": {
        "ACTIVE": 8318,
        "INACTIVE": 1,
        "INVALID": 0,
        "MALICIOUS": 0,
        "SANE": 0,
        "VALID": 0,
        "total": 8319
    },
    "percentage": {
        "ACTIVE": 99.98797932443803,
        "INACTIVE": 0.014749262536873156,
        "INVALID": 0,
        "MALICIOUS": 0,
        "SANE": 0,
        "VALID": 0,
        "total": 100.0027285869749
    }
}