{
    "counter": {
        "ACTIVE": 6897,
        "INACTIVE": 159,
        "INVALID": 0,
        "MALICIOUS": 0,
        "SANE": 0,
        "VALID": 0,
        "total": 7056
    },
    "percentage": {
        "ACTIVE": 97.74659863945578,
        "INACTIVE": 2.2572402044293014,
        "INVALID": 0,
        "MALICIOUS": 0,
        "SANE": 0,
        "VALID": 0,
        "total": 100.00383884388509
    }
}