{
    "counter": {
        "ACTIVE": 17883,
        "INACTIVE": 29,
        "INVALID": 0,
        "MALICIOUS": 0,
        "SANE": 0,
        "VALID": 0,
        "total": 17912
    },
    "percentage": {
        "ACTIVE": 99.83809736489505,
        "INACTIVE": 0.1682232148036429,
        "INVALID": 0,
        "MALICIOUS": 0,
        "SANE": 0,
        "VALID": 0,
        "total": 100.0063205796987
    }
}