{
    "counter": {
        "ACTIVE": 1421,
        "INACTIVE": 26,
        "INVALID": 0,
        "MALICIOUS": 0,
        "SANE": 0,
        "VALID": 0,
        "total": 1447
    },
    "percentage": {
        "ACTIVE": 98.20317899101589,
        "INACTIVE": 1.8400566171266808,
        "INVALID": 0,
        "MALICIOUS": 0,
        "SANE": 0,
        "VALID": 0,
        "total": 100.04323560814257
    }
}