{
    "counter": {
        "ACTIVE": 2024,
        "INACTIVE": 34,
        "INVALID": 0,
        "MALICIOUS": 0,
        "SANE": 0,
        "VALID": 0,
        "total": 2058
    },
    "percentage": {
        "ACTIVE": 98.34791059280855,
        "INACTIVE": 1.7302798982188294,
        "INVALID": 0,
        "MALICIOUS": 0,
        "SANE": 0,
        "VALID": 0,
        "total": 100.07819049102737
    }
}