{
    "counter": {
        "ACTIVE": 4972,
        "INACTIVE": 69,
        "INVALID": 0,
        "MALICIOUS": 0,
        "SANE": 0,
        "VALID": 0,
        "total": 5041
    },
    "percentage": {
        "ACTIVE": 98.63122396349931,
        "INACTIVE": 1.369047619047619,
        "INVALID": 0,
        "MALICIOUS": 0,
        "SANE": 0,
        "VALID": 0,
        "total": 100.00027158254693
    }
}