{
    "counter": {
        "ACTIVE": 8315,
        "INACTIVE": 2,
        "INVALID": 0,
        "MALICIOUS": 0,
        "SANE": 0,
        "VALID": 0,
        "total": 8317
    },
    "percentage": {
        "ACTIVE": 99.97595286762053,
        "INACTIVE": 0.03885003885003885,
        "INVALID": 0,
        "MALICIOUS": 0,
        "SANE": 0,
        "VALID": 0,
        "total": 100.01480290647058
    }
}