{
    "counter": {
        "ACTIVE": 3713,
        "INACTIVE": 53,
        "INVALID": 0,
        "MALICIOUS": 0,
        "SANE": 0,
        "VALID": 0,
        "total": 3766
    },
    "percentage": {
        "ACTIVE": 98.5926712692512,
        "INACTIVE": 1.4235831318828902,
        "INVALID": 0,
        "MALICIOUS": 0,
        "SANE": 0,
        "VALID": 0,
        "total": 100.01625440113409
    }
}