{
    "counter": {
        "ACTIVE": 16635,
        "INACTIVE": 6,
        "INVALID": 0,
        "MALICIOUS": 0,
        "SANE": 0,
        "VALID": 0,
        "total": 16641
    },
    "percentage": {
        "ACTIVE": 99.96394447449072,
        "INACTIVE": 0.036936715094804236,
        "INVALID": 0,
        "MALICIOUS": 0,
        "SANE": 0,
        "VALID": 0,
        "total": 100.00088118958553
    }
}