{
    "counter": {
        "ACTIVE": 8338,
        "INACTIVE": 11,
        "INVALID": 0,
        "MALICIOUS": 0,
        "SANE": 0,
        "VALID": 0,
        "total": 8349
    },
    "percentage": {
        "ACTIVE": 99.86824769433466,
        "INACTIVE": 0.14073694984646878,
        "INVALID": 0,
        "MALICIOUS": 0,
        "SANE": 0,
        "VALID": 0,
        "total": 100.00898464418113
    }
}