{
    "counter": {
        "ACTIVE": 2558,
        "INACTIVE": 37,
        "INVALID": 0,
        "MALICIOUS": 0,
        "SANE": 0,
        "VALID": 0,
        "total": 2595
    },
    "percentage": {
        "ACTIVE": 98.61218195836545,
        "INACTIVE": 1.4258188824662814,
        "INVALID": 0,
        "MALICIOUS": 0,
        "SANE": 0,
        "VALID": 0,
        "total": 100.03800084083174
    }
}