{
    "counter": {
        "ACTIVE": 3825,
        "INACTIVE": 56,
        "INVALID": 0,
        "MALICIOUS": 0,
        "SANE": 0,
        "VALID": 0,
        "total": 3881
    },
    "percentage": {
        "ACTIVE": 98.55707291935069,
        "INACTIVE": 1.4474024295683638,
        "INVALID": 0,
        "MALICIOUS": 0,
        "SANE": 0,
        "VALID": 0,
        "total": 100.00447534891906
    }
}