{
    "counter": {
        "ACTIVE": 11722,
        "INACTIVE": 9,
        "INVALID": 0,
        "MALICIOUS": 0,
        "SANE": 0,
        "VALID": 0,
        "total": 11731
    },
    "percentage": {
        "ACTIVE": 99.9232801977666,
        "INACTIVE": 0.07907916703277393,
        "INVALID": 0,
        "MALICIOUS": 0,
        "SANE": 0,
        "VALID": 0,
        "total": 100.00235936479937
    }
}