{
    "counter": {
        "ACTIVE": 1990,
        "INACTIVE": 34,
        "INVALID": 0,
        "MALICIOUS": 0,
        "SANE": 0,
        "VALID": 0,
        "total": 2024
    },
    "percentage": {
        "ACTIVE": 98.3201581027668,
        "INACTIVE": 1.7302798982188294,
        "INVALID": 0,
        "MALICIOUS": 0,
        "SANE": 0,
        "VALID": 0,
        "total": 100.05043800098562
    }
}