{
    "counter": {
        "ACTIVE": 8314,
        "INACTIVE": 3,
        "INVALID": 0,
        "MALICIOUS": 0,
        "SANE": 0,
        "VALID": 0,
        "total": 8317
    },
    "percentage": {
        "ACTIVE": 99.96392930143081,
        "INACTIVE": 0.037257824143070044,
        "INVALID": 0,
        "MALICIOUS": 0,
        "SANE": 0,
        "VALID": 0,
        "total": 100.00118712557388
    }
}