{
    "counter": {
        "ACTIVE": 8355,
        "INACTIVE": 4,
        "INVALID": 0,
        "MALICIOUS": 0,
        "SANE": 0,
        "VALID": 0,
        "total": 8359
    },
    "percentage": {
        "ACTIVE": 99.95214738605097,
        "INACTIVE": 0.05478701547733187,
        "INVALID": 0,
        "MALICIOUS": 0,
        "SANE": 0,
        "VALID": 0,
        "total": 100.0069344015283
    }
}