{
    "counter": {
        "ACTIVE": 8324,
        "INACTIVE": 7,
        "INVALID": 0,
        "MALICIOUS": 0,
        "SANE": 0,
        "VALID": 0,
        "total": 8331
    },
    "percentage": {
        "ACTIVE": 99.91597647341256,
        "INACTIVE": 0.0958641468090934,
        "INVALID": 0,
        "MALICIOUS": 0,
        "SANE": 0,
        "VALID": 0,
        "total": 100.01184062022165
    }
}