{
    "counter": {
        "ACTIVE": 7839,
        "INACTIVE": 211,
        "INVALID": 0,
        "MALICIOUS": 0,
        "SANE": 0,
        "VALID": 0,
        "total": 8050
    },
    "percentage": {
        "ACTIVE": 97.37888198757764,
        "INACTIVE": 2.645104675943337,
        "INVALID": 0,
        "MALICIOUS": 0,
        "SANE": 0,
        "VALID": 0,
        "total": 100.02398666352099
    }
}