{
    "counter": {
        "ACTIVE": 6791,
        "INACTIVE": 152,
        "INVALID": 0,
        "MALICIOUS": 0,
        "SANE": 0,
        "VALID": 0,
        "total": 6943
    },
    "percentage": {
        "ACTIVE": 97.81074463488406,
        "INACTIVE": 2.1908330931104065,
        "INVALID": 0,
        "MALICIOUS": 0,
        "SANE": 0,
        "VALID": 0,
        "total": 100.00157772799447
    }
}