{
    "counter": {
        "ACTIVE": 15794,
        "INACTIVE": 89,
        "INVALID": 0,
        "MALICIOUS": 0,
        "SANE": 0,
        "VALID": 0,
        "total": 15883
    },
    "percentage": {
        "ACTIVE": 99.43965245860353,
        "INACTIVE": 0.6027768371147985,
        "INVALID": 0,
        "MALICIOUS": 0,
        "SANE": 0,
        "VALID": 0,
        "total": 100.04242929571834
    }
}