{
    "counter": {
        "ACTIVE": 5056,
        "INACTIVE": 71,
        "INVALID": 0,
        "MALICIOUS": 0,
        "SANE": 0,
        "VALID": 0,
        "total": 5127
    },
    "percentage": {
        "ACTIVE": 98.61517456602301,
        "INACTIVE": 1.3962635201573255,
        "INVALID": 0,
        "MALICIOUS": 0,
        "SANE": 0,
        "VALID": 0,
        "total": 100.01143808618033
    }
}