{
    "counter": {
        "ACTIVE": 2846,
        "INACTIVE": 43,
        "INVALID": 0,
        "MALICIOUS": 0,
        "SANE": 0,
        "VALID": 0,
        "total": 2889
    },
    "percentage": {
        "ACTIVE": 98.5115957078574,
        "INACTIVE": 1.5050752537626881,
        "INVALID": 0,
        "MALICIOUS": 0,
        "SANE": 0,
        "VALID": 0,
        "total": 100.01667096162008
    }
}