{
    "counter": {
        "ACTIVE": 8185,
        "INACTIVE": 7,
        "INVALID": 0,
        "MALICIOUS": 0,
        "SANE": 0,
        "VALID": 0,
        "total": 8192
    },
    "percentage": {
        "ACTIVE": 99.91455078125,
        "INACTIVE": 0.11796427367711493,
        "INVALID": 0,
        "MALICIOUS": 0,
        "SANE": 0,
        "VALID": 0,
        "total": 100.03251505492712
    }
}