{
    "counter": {
        "ACTIVE": 6495,
        "INACTIVE": 135,
        "INVALID": 0,
        "MALICIOUS": 0,
        "SANE": 0,
        "VALID": 0,
        "total": 6630
    },
    "percentage": {
        "ACTIVE": 97.9785789711872,
        "INACTIVE": 2.0361990950226243,
        "INVALID": 0,
        "MALICIOUS": 0,
        "SANE": 0,
        "VALID": 0,
        "total": 100.01477806620983
    }
}