{
    "counter": {
        "ACTIVE": 1615,
        "INACTIVE": 29,
        "INVALID": 0,
        "MALICIOUS": 0,
        "SANE": 0,
        "VALID": 0,
        "total": 1644
    },
    "percentage": {
        "ACTIVE": 98.2360097323601,
        "INACTIVE": 1.8471337579617835,
        "INVALID": 0,
        "MALICIOUS": 0,
        "SANE": 0,
        "VALID": 0,
        "total": 100.08314349032189
    }
}