{
    "counter": {
        "ACTIVE": 4770,
        "INACTIVE": 64,
        "INVALID": 0,
        "MALICIOUS": 0,
        "SANE": 0,
        "VALID": 0,
        "total": 4834
    },
    "percentage": {
        "ACTIVE": 98.67604468349194,
        "INACTIVE": 1.324229257190151,
        "INVALID": 0,
        "MALICIOUS": 0,
        "SANE": 0,
        "VALID": 0,
        "total": 100.00027394068209
    }
}