{
    "counter": {
        "ACTIVE": 7128,
        "INACTIVE": 171,
        "INVALID": 0,
        "MALICIOUS": 0,
        "SANE": 0,
        "VALID": 0,
        "total": 7299
    },
    "percentage": {
        "ACTIVE": 97.67059468347493,
        "INACTIVE": 2.342786683107275,
        "INVALID": 0,
        "MALICIOUS": 0,
        "SANE": 0,
        "VALID": 0,
        "total": 100.01338136658221
    }
}