{
    "counter": {
        "ACTIVE": 16638,
        "INACTIVE": 6,
        "INVALID": 0,
        "MALICIOUS": 0,
        "SANE": 0,
        "VALID": 0,
        "total": 16644
    },
    "percentage": {
        "ACTIVE": 99.96395097332372,
        "INACTIVE": 0.036936715094804236,
        "INVALID": 0,
        "MALICIOUS": 0,
        "SANE": 0,
        "VALID": 0,
        "total": 100.00088768841853
    }
}