{
    "counter": {
        "ACTIVE": 8317,
        "INACTIVE": 1,
        "INVALID": 0,
        "MALICIOUS": 0,
        "SANE": 0,
        "VALID": 0,
        "total": 8318
    },
    "percentage": {
        "ACTIVE": 99.98797787929792,
        "INACTIVE": 0.014634860237084735,
        "INVALID": 0,
        "MALICIOUS": 0,
        "SANE": 0,
        "VALID": 0,
        "total": 100.002612739535
    }
}