{
    "counter": {
        "ACTIVE": 8245,
        "INACTIVE": 5,
        "INVALID": 0,
        "MALICIOUS": 0,
        "SANE": 0,
        "VALID": 0,
        "total": 8250
    },
    "percentage": {
        "ACTIVE": 99.93939393939394,
        "INACTIVE": 0.06602403274792025,
        "INVALID": 0,
        "MALICIOUS": 0,
        "SANE": 0,
        "VALID": 0,
        "total": 100.00541797214186
    }
}