{
    "counter": {
        "ACTIVE": 8362,
        "INACTIVE": 2,
        "INVALID": 0,
        "MALICIOUS": 0,
        "SANE": 0,
        "VALID": 0,
        "total": 8364
    },
    "percentage": {
        "ACTIVE": 99.97608799617407,
        "INACTIVE": 0.04251700680272109,
        "INVALID": 0,
        "MALICIOUS": 0,
        "SANE": 0,
        "VALID": 0,
        "total": 100.0186050029768
    }
}