{
    "counter": {
        "ACTIVE": 6896,
        "INACTIVE": 159,
        "INVALID": 0,
        "MALICIOUS": 0,
        "SANE": 0,
        "VALID": 0,
        "total": 7055
    },
    "percentage": {
        "ACTIVE": 97.7462792345854,
        "INACTIVE": 2.2572402044293014,
        "INVALID": 0,
        "MALICIOUS": 0,
        "SANE": 0,
        "VALID": 0,
        "total": 100.0035194390147
    }
}