{
    "counter": {
        "ACTIVE": 7879,
        "INACTIVE": 211,
        "INVALID": 0,
        "MALICIOUS": 0,
        "SANE": 0,
        "VALID": 0,
        "total": 8090
    },
    "percentage": {
        "ACTIVE": 97.39184177997528,
        "INACTIVE": 2.645104675943337,
        "INVALID": 0,
        "MALICIOUS": 0,
        "SANE": 0,
        "VALID": 0,
        "total": 100.03694645591862
    }
}