{
    "counter": {
        "ACTIVE": 8361,
        "INACTIVE": 4,
        "INVALID": 0,
        "MALICIOUS": 0,
        "SANE": 0,
        "VALID": 0,
        "total": 8365
    },
    "percentage": {
        "ACTIVE": 99.95218170950389,
        "INACTIVE": 0.05107252298263534,
        "INVALID": 0,
        "MALICIOUS": 0,
        "SANE": 0,
        "VALID": 0,
        "total": 100.00325423248653
    }
}