{
    "counter": {
        "ACTIVE": 5563,
        "INACTIVE": 91,
        "INVALID": 0,
        "MALICIOUS": 0,
        "SANE": 0,
        "VALID": 0,
        "total": 5654
    },
    "percentage": {
        "ACTIVE": 98.39051998585073,
        "INACTIVE": 1.6172027723476097,
        "INVALID": 0,
        "MALICIOUS": 0,
        "SANE": 0,
        "VALID": 0,
        "total": 100.00772275819834
    }
}