{
    "counter": {
        "ACTIVE": 8255,
        "INACTIVE": 1,
        "INVALID": 0,
        "MALICIOUS": 0,
        "SANE": 0,
        "VALID": 0,
        "total": 8256
    },
    "percentage": {
        "ACTIVE": 99.98788759689923,
        "INACTIVE": 0.07468259895444361,
        "INVALID": 0,
        "MALICIOUS": 0,
        "SANE": 0,
        "VALID": 0,
        "total": 100.06257019585367
    }
}