{
    "counter": {
        "ACTIVE": 8341,
        "INACTIVE": 6,
        "INVALID": 0,
        "MALICIOUS": 0,
        "SANE": 0,
        "VALID": 0,
        "total": 8347
    },
    "percentage": {
        "ACTIVE": 99.92811788666587,
        "INACTIVE": 0.07804370447450572,
        "INVALID": 0,
        "MALICIOUS": 0,
        "SANE": 0,
        "VALID": 0,
        "total": 100.00616159114038
    }
}