{
    "counter": {
        "ACTIVE": 8358,
        "INACTIVE": 6,
        "INVALID": 0,
        "MALICIOUS": 0,
        "SANE": 0,
        "VALID": 0,
        "total": 8364
    },
    "percentage": {
        "ACTIVE": 99.92826398852223,
        "INACTIVE": 0.08001066808907854,
        "INVALID": 0,
        "MALICIOUS": 0,
        "SANE": 0,
        "VALID": 0,
        "total": 100.0082746566113
    }
}