{
    "counter": {
        "ACTIVE": 456,
        "INACTIVE": 9,
        "INVALID": 0,
        "MALICIOUS": 0,
        "SANE": 0,
        "VALID": 0,
        "total": 465
    },
    "percentage": {
        "ACTIVE": 98.06451612903226,
        "INACTIVE": 2.127659574468085,
        "INVALID": 0,
        "MALICIOUS": 0,
        "SANE": 0,
        "VALID": 0,
        "total": 100.19217570350034
    }
}