{
    "counter": {
        "ACTIVE": 8357,
        "INACTIVE": 7,
        "INVALID": 0,
        "MALICIOUS": 0,
        "SANE": 0,
        "VALID": 0,
        "total": 8364
    },
    "percentage": {
        "ACTIVE": 99.91630798660928,
        "INACTIVE": 0.09187557422233888,
        "INVALID": 0,
        "MALICIOUS": 0,
        "SANE": 0,
        "VALID": 0,
        "total": 100.00818356083163
    }
}