{
    "counter": {
        "ACTIVE": 7673,
        "INACTIVE": 206,
        "INVALID": 0,
        "MALICIOUS": 0,
        "SANE": 0,
        "VALID": 0,
        "total": 7879
    },
    "percentage": {
        "ACTIVE": 97.38545500698058,
        "INACTIVE": 2.6175349428208388,
        "INVALID": 0,
        "MALICIOUS": 0,
        "SANE": 0,
        "VALID": 0,
        "total": 100.00298994980142
    }
}