{
    "counter": {
        "ACTIVE": 6956,
        "INACTIVE": 164,
        "INVALID": 0,
        "MALICIOUS": 0,
        "SANE": 0,
        "VALID": 0,
        "total": 7120
    },
    "percentage": {
        "ACTIVE": 97.69662921348315,
        "INACTIVE": 2.3036943390925693,
        "INVALID": 0,
        "MALICIOUS": 0,
        "SANE": 0,
        "VALID": 0,
        "total": 100.00032355257572
    }
}