{
    "counter": {
        "ACTIVE": 5588,
        "INACTIVE": 93,
        "INVALID": 0,
        "MALICIOUS": 0,
        "SANE": 0,
        "VALID": 0,
        "total": 5681
    },
    "percentage": {
        "ACTIVE": 98.36296426685443,
        "INACTIVE": 1.6425291416460615,
        "INVALID": 0,
        "MALICIOUS": 0,
        "SANE": 0,
        "VALID": 0,
        "total": 100.0054934085005
    }
}