{
    "counter": {
        "ACTIVE": 8804,
        "INACTIVE": 239,
        "INVALID": 0,
        "MALICIOUS": 0,
        "SANE": 0,
        "VALID": 0,
        "total": 9043
    },
    "percentage": {
        "ACTIVE": 97.35707176821852,
        "INACTIVE": 2.65231383864166,
        "INVALID": 0,
        "MALICIOUS": 0,
        "SANE": 0,
        "VALID": 0,
        "total": 100.00938560686018
    }
}