{
    "counter": {
        "ACTIVE": 8361,
        "INACTIVE": 3,
        "INVALID": 0,
        "MALICIOUS": 0,
        "SANE": 0,
        "VALID": 0,
        "total": 8364
    },
    "percentage": {
        "ACTIVE": 99.96413199426112,
        "INACTIVE": 0.04107338444687842,
        "INVALID": 0,
        "MALICIOUS": 0,
        "SANE": 0,
        "VALID": 0,
        "total": 100.005205378708
    }
}