{
    "counter": {
        "ACTIVE": 7570,
        "INACTIVE": 201,
        "INVALID": 0,
        "MALICIOUS": 0,
        "SANE": 0,
        "VALID": 0,
        "total": 7771
    },
    "percentage": {
        "ACTIVE": 97.42599742599742,
        "INACTIVE": 2.5865396988804528,
        "INVALID": 0,
        "MALICIOUS": 0,
        "SANE": 0,
        "VALID": 0,
        "total": 100.01253712487788
    }
}