{
    "counter": {
        "ACTIVE": 16847,
        "INACTIVE": 90,
        "INVALID": 0,
        "MALICIOUS": 0,
        "SANE": 0,
        "VALID": 0,
        "total": 16937
    },
    "percentage": {
        "ACTIVE": 99.46861899982288,
        "INACTIVE": 0.5552128315854411,
        "INVALID": 0,
        "MALICIOUS": 0,
        "SANE": 0,
        "VALID": 0,
        "total": 100.02383183140832
    }
}