{
    "counter": {
        "ACTIVE": 7094,
        "INACTIVE": 169,
        "INVALID": 0,
        "MALICIOUS": 0,
        "SANE": 0,
        "VALID": 0,
        "total": 7263
    },
    "percentage": {
        "ACTIVE": 97.6731378218367,
        "INACTIVE": 2.327823691460055,
        "INVALID": 0,
        "MALICIOUS": 0,
        "SANE": 0,
        "VALID": 0,
        "total": 100.00096151329676
    }
}