{
    "counter": {
        "ACTIVE": 8363,
        "INACTIVE": 4,
        "INVALID": 0,
        "MALICIOUS": 0,
        "SANE": 0,
        "VALID": 0,
        "total": 8367
    },
    "percentage": {
        "ACTIVE": 99.95219313971555,
        "INACTIVE": 0.05250032812705079,
        "INVALID": 0,
        "MALICIOUS": 0,
        "SANE": 0,
        "VALID": 0,
        "total": 100.0046934678426
    }
}