{
    "counter": {
        "ACTIVE": 2756,
        "INACTIVE": 8,
        "INVALID": 0,
        "MALICIOUS": 0,
        "SANE": 0,
        "VALID": 0,
        "total": 2764
    },
    "percentage": {
        "ACTIVE": 99.71056439942113,
        "INACTIVE": 0.32599837000814996,
        "INVALID": 0,
        "MALICIOUS": 0,
        "SANE": 0,
        "VALID": 0,
        "total": 100.03656276942928
    }
}