{
    "counter": {
        "ACTIVE": 7315,
        "INACTIVE": 184,
        "INVALID": 0,
        "MALICIOUS": 0,
        "SANE": 0,
        "VALID": 0,
        "total": 7499
    },
    "percentage": {
        "ACTIVE": 97.54633951193493,
        "INACTIVE": 2.454315059357076,
        "INVALID": 0,
        "MALICIOUS": 0,
        "SANE": 0,
        "VALID": 0,
        "total": 100.000654571292
    }
}