{
    "counter": {
        "ACTIVE": 6154,
        "INACTIVE": 119,
        "INVALID": 0,
        "MALICIOUS": 0,
        "SANE": 0,
        "VALID": 0,
        "total": 6273
    },
    "percentage": {
        "ACTIVE": 98.1186224489796,
        "INACTIVE": 1.897018970189702,
        "INVALID": 0,
        "MALICIOUS": 0,
        "SANE": 0,
        "VALID": 0,
        "total": 100.0156414191693
    }
}