{
    "counter": {
        "ACTIVE": 3049,
        "INACTIVE": 46,
        "INVALID": 0,
        "MALICIOUS": 0,
        "SANE": 0,
        "VALID": 0,
        "total": 3095
    },
    "percentage": {
        "ACTIVE": 98.51373182552504,
        "INACTIVE": 1.5323117921385743,
        "INVALID": 0,
        "MALICIOUS": 0,
        "SANE": 0,
        "VALID": 0,
        "total": 100.04604361766361
    }
}