{
    "counter": {
        "ACTIVE": 48077,
        "INACTIVE": 195,
        "INVALID": 0,
        "MALICIOUS": 0,
        "SANE": 0,
        "VALID": 0,
        "total": 48272
    },
    "percentage": {
        "ACTIVE": 99.59603911170036,
        "INACTIVE": 0.40437135806565333,
        "INVALID": 0,
        "MALICIOUS": 0,
        "SANE": 0,
        "VALID": 0,
        "total": 100.00041046976602
    }
}