{
    "counter": {
        "ACTIVE": 8429,
        "INACTIVE": 84,
        "INVALID": 0,
        "MALICIOUS": 0,
        "SANE": 0,
        "VALID": 0,
        "total": 8513
    },
    "percentage": {
        "ACTIVE": 99.01327381651592,
        "INACTIVE": 1.127365454301436,
        "INVALID": 0,
        "MALICIOUS": 0,
        "SANE": 0,
        "VALID": 0,
        "total": 100.14063927081736
    }
}