{
    "counter": {
        "ACTIVE": 8370,
        "INACTIVE": 2,
        "INVALID": 0,
        "MALICIOUS": 0,
        "SANE": 0,
        "VALID": 0,
        "total": 8372
    },
    "percentage": {
        "ACTIVE": 99.97611084567606,
        "INACTIVE": 0.03345040976751965,
        "INVALID": 0,
        "MALICIOUS": 0,
        "SANE": 0,
        "VALID": 0,
        "total": 100.00956125544359
    }
}