{
    "counter": {
        "ACTIVE": 8317,
        "INACTIVE": 2,
        "INVALID": 0,
        "MALICIOUS": 0,
        "SANE": 0,
        "VALID": 0,
        "total": 8319
    },
    "percentage": {
        "ACTIVE": 99.97595864887607,
        "INACTIVE": 0.017226528854435832,
        "INVALID": 0,
        "MALICIOUS": 0,
        "SANE": 0,
        "VALID": 0,
        "total": 99.99318517773051
    }
}