{
    "counter": {
        "ACTIVE": 8427,
        "INACTIVE": 84,
        "INVALID": 0,
        "MALICIOUS": 0,
        "SANE": 0,
        "VALID": 0,
        "total": 8511
    },
    "percentage": {
        "ACTIVE": 99.0130419457173,
        "INACTIVE": 1.127365454301436,
        "INVALID": 0,
        "MALICIOUS": 0,
        "SANE": 0,
        "VALID": 0,
        "total": 100.14040740001874
    }
}