{
    "counter": {
        "ACTIVE": 8351,
        "INACTIVE": 3,
        "INVALID": 0,
        "MALICIOUS": 0,
        "SANE": 0,
        "VALID": 0,
        "total": 8354
    },
    "percentage": {
        "ACTIVE": 99.96408905913334,
        "INACTIVE": 0.04111842105263158,
        "INVALID": 0,
        "MALICIOUS": 0,
        "SANE": 0,
        "VALID": 0,
        "total": 100.00520748018597
    }
}