{
    "counter": {
        "ACTIVE": 6781,
        "INACTIVE": 62,
        "INVALID": 0,
        "MALICIOUS": 0,
        "SANE": 0,
        "VALID": 0,
        "total": 6843
    },
    "percentage": {
        "ACTIVE": 99.09396463539383,
        "INACTIVE": 0.9069631363370392,
        "INVALID": 0,
        "MALICIOUS": 0,
        "SANE": 0,
        "VALID": 0,
        "total": 100.00092777173087
    }
}