{
    "counter": {
        "ACTIVE": 6285,
        "INACTIVE": 125,
        "INVALID": 0,
        "MALICIOUS": 0,
        "SANE": 0,
        "VALID": 0,
        "total": 6410
    },
    "percentage": {
        "ACTIVE": 98.04992199687987,
        "INACTIVE": 1.957406827435014,
        "INVALID": 0,
        "MALICIOUS": 0,
        "SANE": 0,
        "VALID": 0,
        "total": 100.00732882431488
    }
}