{
    "counter": {
        "ACTIVE": 4427,
        "INACTIVE": 60,
        "INVALID": 0,
        "MALICIOUS": 0,
        "SANE": 0,
        "VALID": 0,
        "total": 4487
    },
    "percentage": {
        "ACTIVE": 98.66280365500334,
        "INACTIVE": 1.3793103448275863,
        "INVALID": 0,
        "MALICIOUS": 0,
        "SANE": 0,
        "VALID": 0,
        "total": 100.04211399983093
    }
}