{
    "counter": {
        "ACTIVE": 7063,
        "INACTIVE": 168,
        "INVALID": 0,
        "MALICIOUS": 0,
        "SANE": 0,
        "VALID": 0,
        "total": 7231
    },
    "percentage": {
        "ACTIVE": 97.67666989351403,
        "INACTIVE": 2.3259033642530804,
        "INVALID": 0,
        "MALICIOUS": 0,
        "SANE": 0,
        "VALID": 0,
        "total": 100.00257325776711
    }
}