{
    "counter": {
        "ACTIVE": 8376,
        "INACTIVE": 232,
        "INVALID": 0,
        "MALICIOUS": 0,
        "SANE": 0,
        "VALID": 0,
        "total": 8608
    },
    "percentage": {
        "ACTIVE": 97.30483271375465,
        "INACTIVE": 2.702387885847408,
        "INVALID": 0,
        "MALICIOUS": 0,
        "SANE": 0,
        "VALID": 0,
        "total": 100.00722059960206
    }
}