{
    "counter": {
        "ACTIVE": 6163,
        "INACTIVE": 2,
        "INVALID": 0,
        "MALICIOUS": 0,
        "SANE": 0,
        "VALID": 0,
        "total": 6165
    },
    "percentage": {
        "ACTIVE": 99.96755879967559,
        "INACTIVE": 0.03345040976751965,
        "INVALID": 0,
        "MALICIOUS": 0,
        "SANE": 0,
        "VALID": 0,
        "total": 100.00100920944311
    }
}