{
    "counter": {
        "ACTIVE": 1861,
        "INACTIVE": 32,
        "INVALID": 0,
        "MALICIOUS": 0,
        "SANE": 0,
        "VALID": 0,
        "total": 1893
    },
    "percentage": {
        "ACTIVE": 98.30956154252509,
        "INACTIVE": 1.6922263352723428,
        "INVALID": 0,
        "MALICIOUS": 0,
        "SANE": 0,
        "VALID": 0,
        "total": 100.00178787779743
    }
}