{
    "counter": {
        "ACTIVE": 1756,
        "INACTIVE": 30,
        "INVALID": 0,
        "MALICIOUS": 0,
        "SANE": 0,
        "VALID": 0,
        "total": 1786
    },
    "percentage": {
        "ACTIVE": 98.32026875699889,
        "INACTIVE": 1.710376282782212,
        "INVALID": 0,
        "MALICIOUS": 0,
        "SANE": 0,
        "VALID": 0,
        "total": 100.03064503978109
    }
}