{
    "counter": {
        "ACTIVE": 6363,
        "INACTIVE": 130,
        "INVALID": 0,
        "MALICIOUS": 0,
        "SANE": 0,
        "VALID": 0,
        "total": 6493
    },
    "percentage": {
        "ACTIVE": 97.99784383181888,
        "INACTIVE": 2.0067922198209325,
        "INVALID": 0,
        "MALICIOUS": 0,
        "SANE": 0,
        "VALID": 0,
        "total": 100.00463605163982
    }
}