{
    "counter": {
        "ACTIVE": 8284,
        "INACTIVE": 1,
        "INVALID": 0,
        "MALICIOUS": 0,
        "SANE": 0,
        "VALID": 0,
        "total": 8285
    },
    "percentage": {
        "ACTIVE": 99.987929993965,
        "INACTIVE": 0.050175614651279475,
        "INVALID": 0,
        "MALICIOUS": 0,
        "SANE": 0,
        "VALID": 0,
        "total": 100.03810560861628
    }
}