{
    "counter": {
        "ACTIVE": 8244,
        "INACTIVE": 6,
        "INVALID": 0,
        "MALICIOUS": 0,
        "SANE": 0,
        "VALID": 0,
        "total": 8250
    },
    "percentage": {
        "ACTIVE": 99.92727272727272,
        "INACTIVE": 0.0792288392975043,
        "INVALID": 0,
        "MALICIOUS": 0,
        "SANE": 0,
        "VALID": 0,
        "total": 100.00650156657022
    }
}