{
    "counter": {
        "ACTIVE": 6302,
        "INACTIVE": 30,
        "INVALID": 0,
        "MALICIOUS": 0,
        "SANE": 0,
        "VALID": 0,
        "total": 6332
    },
    "percentage": {
        "ACTIVE": 99.52621604548327,
        "INACTIVE": 0.47778308647873863,
        "INVALID": 0,
        "MALICIOUS": 0,
        "SANE": 0,
        "VALID": 0,
        "total": 100.003999131962
    }
}