{
    "counter": {
        "ACTIVE": 8190,
        "INACTIVE": 6,
        "INVALID": 0,
        "MALICIOUS": 0,
        "SANE": 0,
        "VALID": 0,
        "total": 8196
    },
    "percentage": {
        "ACTIVE": 99.9267935578331,
        "INACTIVE": 0.07947019867549669,
        "INVALID": 0,
        "MALICIOUS": 0,
        "SANE": 0,
        "VALID": 0,
        "total": 100.00626375650859
    }
}