{
    "counter": {
        "ACTIVE": 6181,
        "INACTIVE": 120,
        "INVALID": 0,
        "MALICIOUS": 0,
        "SANE": 0,
        "VALID": 0,
        "total": 6301
    },
    "percentage": {
        "ACTIVE": 98.11111111111111,
        "INACTIVE": 1.90445960958578,
        "INVALID": 0,
        "MALICIOUS": 0,
        "SANE": 0,
        "VALID": 0,
        "total": 100.0155707206969
    }
}