{
    "counter": {
        "ACTIVE": 5915,
        "INACTIVE": 106,
        "INVALID": 0,
        "MALICIOUS": 0,
        "SANE": 0,
        "VALID": 0,
        "total": 6021
    },
    "percentage": {
        "ACTIVE": 98.23949510048165,
        "INACTIVE": 1.7824112998150328,
        "INVALID": 0,
        "MALICIOUS": 0,
        "SANE": 0,
        "VALID": 0,
        "total": 100.02190640029669
    }
}