{
    "counter": {
        "ACTIVE": 1554,
        "INACTIVE": 29,
        "INVALID": 0,
        "MALICIOUS": 0,
        "SANE": 0,
        "VALID": 0,
        "total": 1583
    },
    "percentage": {
        "ACTIVE": 98.1680353758686,
        "INACTIVE": 1.8471337579617835,
        "INVALID": 0,
        "MALICIOUS": 0,
        "SANE": 0,
        "VALID": 0,
        "total": 100.01516913383038
    }
}