{
    "counter": {
        "ACTIVE": 2027,
        "INACTIVE": 34,
        "INVALID": 0,
        "MALICIOUS": 0,
        "SANE": 0,
        "VALID": 0,
        "total": 2061
    },
    "percentage": {
        "ACTIVE": 98.35031538088306,
        "INACTIVE": 1.7302798982188294,
        "INVALID": 0,
        "MALICIOUS": 0,
        "SANE": 0,
        "VALID": 0,
        "total": 100.08059527910189
    }
}