{
    "counter": {
        "ACTIVE": 8274,
        "INACTIVE": 7,
        "INVALID": 0,
        "MALICIOUS": 0,
        "SANE": 0,
        "VALID": 0,
        "total": 8281
    },
    "percentage": {
        "ACTIVE": 99.91546914623838,
        "INACTIVE": 0.09852216748768473,
        "INVALID": 0,
        "MALICIOUS": 0,
        "SANE": 0,
        "VALID": 0,
        "total": 100.01399131372607
    }
}