{
    "counter": {
        "ACTIVE": 1423,
        "INACTIVE": 26,
        "INVALID": 0,
        "MALICIOUS": 0,
        "SANE": 0,
        "VALID": 0,
        "total": 1449
    },
    "percentage": {
        "ACTIVE": 98.20565907522429,
        "INACTIVE": 1.8400566171266808,
        "INVALID": 0,
        "MALICIOUS": 0,
        "SANE": 0,
        "VALID": 0,
        "total": 100.04571569235097
    }
}