{
    "counter": {
        "ACTIVE": 8241,
        "INACTIVE": 1,
        "INVALID": 0,
        "MALICIOUS": 0,
        "SANE": 0,
        "VALID": 0,
        "total": 8242
    },
    "percentage": {
        "ACTIVE": 99.98786702256734,
        "INACTIVE": 0.019116803670426306,
        "INVALID": 0,
        "MALICIOUS": 0,
        "SANE": 0,
        "VALID": 0,
        "total": 100.00698382623777
    }
}