{
    "counter": {
        "ACTIVE": 8329,
        "INACTIVE": 4,
        "INVALID": 0,
        "MALICIOUS": 0,
        "SANE": 0,
        "VALID": 0,
        "total": 8333
    },
    "percentage": {
        "ACTIVE": 99.9519980799232,
        "INACTIVE": 0.06711409395973154,
        "INVALID": 0,
        "MALICIOUS": 0,
        "SANE": 0,
        "VALID": 0,
        "total": 100.01911217388293
    }
}