{
    "counter": {
        "ACTIVE": 6310,
        "INACTIVE": 128,
        "INVALID": 0,
        "MALICIOUS": 0,
        "SANE": 0,
        "VALID": 0,
        "total": 6438
    },
    "percentage": {
        "ACTIVE": 98.01180490835664,
        "INACTIVE": 1.9891219891219891,
        "INVALID": 0,
        "MALICIOUS": 0,
        "SANE": 0,
        "VALID": 0,
        "total": 100.00092689747862
    }
}