{
    "counter": {
        "ACTIVE": 1455,
        "INACTIVE": 26,
        "INVALID": 0,
        "MALICIOUS": 0,
        "SANE": 0,
        "VALID": 0,
        "total": 1481
    },
    "percentage": {
        "ACTIVE": 98.24442943956785,
        "INACTIVE": 1.8400566171266808,
        "INVALID": 0,
        "MALICIOUS": 0,
        "SANE": 0,
        "VALID": 0,
        "total": 100.08448605669453
    }
}