{
    "counter": {
        "ACTIVE": 4470,
        "INACTIVE": 60,
        "INVALID": 0,
        "MALICIOUS": 0,
        "SANE": 0,
        "VALID": 0,
        "total": 4530
    },
    "percentage": {
        "ACTIVE": 98.67549668874172,
        "INACTIVE": 1.3793103448275863,
        "INVALID": 0,
        "MALICIOUS": 0,
        "SANE": 0,
        "VALID": 0,
        "total": 100.0548070335693
    }
}