{
    "counter": {
        "ACTIVE": 128837,
        "INACTIVE": 7605,
        "INVALID": 0,
        "MALICIOUS": 0,
        "SANE": 0,
        "VALID": 0,
        "total": 136442
    },
    "percentage": {
        "ACTIVE": 94.4262030752994,
        "INACTIVE": 5.726225434831714,
        "INVALID": 0,
        "MALICIOUS": 0,
        "SANE": 0,
        "VALID": 0,
        "total": 100.15242851013112
    }
}