{
    "counter": {
        "ACTIVE": 8316,
        "INACTIVE": 1,
        "INVALID": 0,
        "MALICIOUS": 0,
        "SANE": 0,
        "VALID": 0,
        "total": 8317
    },
    "percentage": {
        "ACTIVE": 99.98797643381027,
        "INACTIVE": 0.019425019425019424,
        "INVALID": 0,
        "MALICIOUS": 0,
        "SANE": 0,
        "VALID": 0,
        "total": 100.00740145323529
    }
}