{
    "counter": {
        "ACTIVE": 7916,
        "INACTIVE": 212,
        "INVALID": 0,
        "MALICIOUS": 0,
        "SANE": 0,
        "VALID": 0,
        "total": 8128
    },
    "percentage": {
        "ACTIVE": 97.39173228346456,
        "INACTIVE": 2.6176071119891344,
        "INVALID": 0,
        "MALICIOUS": 0,
        "SANE": 0,
        "VALID": 0,
        "total": 100.0093393954537
    }
}