{
    "counter": {
        "ACTIVE": 7988,
        "INACTIVE": 213,
        "INVALID": 0,
        "MALICIOUS": 0,
        "SANE": 0,
        "VALID": 0,
        "total": 8201
    },
    "percentage": {
        "ACTIVE": 97.4027557614925,
        "INACTIVE": 2.616386193342341,
        "INVALID": 0,
        "MALICIOUS": 0,
        "SANE": 0,
        "VALID": 0,
        "total": 100.01914195483484
    }
}