{
    "counter": {
        "ACTIVE": 5757,
        "INACTIVE": 101,
        "INVALID": 0,
        "MALICIOUS": 0,
        "SANE": 0,
        "VALID": 0,
        "total": 5858
    },
    "percentage": {
        "ACTIVE": 98.27586206896552,
        "INACTIVE": 1.729155966444102,
        "INVALID": 0,
        "MALICIOUS": 0,
        "SANE": 0,
        "VALID": 0,
        "total": 100.00501803540962
    }
}