{
    "counter": {
        "ACTIVE": 8315,
        "INACTIVE": 1,
        "INVALID": 0,
        "MALICIOUS": 0,
        "SANE": 0,
        "VALID": 0,
        "total": 8316
    },
    "percentage": {
        "ACTIVE": 99.987974987975,
        "INACTIVE": 0.07496251874062969,
        "INVALID": 0,
        "MALICIOUS": 0,
        "SANE": 0,
        "VALID": 0,
        "total": 100.06293750671563
    }
}