{
    "counter": {
        "ACTIVE": 7346,
        "INACTIVE": 185,
        "INVALID": 0,
        "MALICIOUS": 0,
        "SANE": 0,
        "VALID": 0,
        "total": 7531
    },
    "percentage": {
        "ACTIVE": 97.54348692072766,
        "INACTIVE": 2.465351812366738,
        "INVALID": 0,
        "MALICIOUS": 0,
        "SANE": 0,
        "VALID": 0,
        "total": 100.0088387330944
    }
}