{
    "counter": {
        "ACTIVE": 8235,
        "INACTIVE": 2,
        "INVALID": 0,
        "MALICIOUS": 0,
        "SANE": 0,
        "VALID": 0,
        "total": 8237
    },
    "percentage": {
        "ACTIVE": 99.97571931528469,
        "INACTIVE": 0.03823360734085261,
        "INVALID": 0,
        "MALICIOUS": 0,
        "SANE": 0,
        "VALID": 0,
        "total": 100.01395292262555
    }
}