{
    "counter": {
        "ACTIVE": 1859,
        "INACTIVE": 32,
        "INVALID": 0,
        "MALICIOUS": 0,
        "SANE": 0,
        "VALID": 0,
        "total": 1891
    },
    "percentage": {
        "ACTIVE": 98.35978835978835,
        "INACTIVE": 1.6922263352723428,
        "INVALID": 0,
        "MALICIOUS": 0,
        "SANE": 0,
        "VALID": 0,
        "total": 100.05201469506069
    }
}