{
    "counter": {
        "ACTIVE": 6096,
        "INACTIVE": 115,
        "INVALID": 0,
        "MALICIOUS": 0,
        "SANE": 0,
        "VALID": 0,
        "total": 6211
    },
    "percentage": {
        "ACTIVE": 98.14844630494284,
        "INACTIVE": 1.8575351316427071,
        "INVALID": 0,
        "MALICIOUS": 0,
        "SANE": 0,
        "VALID": 0,
        "total": 100.00598143658554
    }
}