{
    "counter": {
        "ACTIVE": 8313,
        "INACTIVE": 4,
        "INVALID": 0,
        "MALICIOUS": 0,
        "SANE": 0,
        "VALID": 0,
        "total": 8317
    },
    "percentage": {
        "ACTIVE": 99.95190573524107,
        "INACTIVE": 0.060873535230558516,
        "INVALID": 0,
        "MALICIOUS": 0,
        "SANE": 0,
        "VALID": 0,
        "total": 100.01277927047163
    }
}