{
    "counter": {
        "ACTIVE": 8314,
        "INACTIVE": 2,
        "INVALID": 0,
        "MALICIOUS": 0,
        "SANE": 0,
        "VALID": 0,
        "total": 8316
    },
    "percentage": {
        "ACTIVE": 99.97594997594997,
        "INACTIVE": 0.02485089463220676,
        "INVALID": 0,
        "MALICIOUS": 0,
        "SANE": 0,
        "VALID": 0,
        "total": 100.00080087058218
    }
}