{
    "counter": {
        "ACTIVE": 8269,
        "INACTIVE": 8,
        "INVALID": 0,
        "MALICIOUS": 0,
        "SANE": 0,
        "VALID": 0,
        "total": 8277
    },
    "percentage": {
        "ACTIVE": 99.90334662317265,
        "INACTIVE": 0.10500065625410158,
        "INVALID": 0,
        "MALICIOUS": 0,
        "SANE": 0,
        "VALID": 0,
        "total": 100.00834727942676
    }
}