{
    "counter": {
        "ACTIVE": 4150,
        "INACTIVE": 59,
        "INVALID": 0,
        "MALICIOUS": 0,
        "SANE": 0,
        "VALID": 0,
        "total": 4209
    },
    "percentage": {
        "ACTIVE": 98.59824186267522,
        "INACTIVE": 1.4097968936678613,
        "INVALID": 0,
        "MALICIOUS": 0,
        "SANE": 0,
        "VALID": 0,
        "total": 100.00803875634308
    }
}