{
    "counter": {
        "ACTIVE": 8361,
        "INACTIVE": 6,
        "INVALID": 0,
        "MALICIOUS": 0,
        "SANE": 0,
        "VALID": 0,
        "total": 8367
    },
    "percentage": {
        "ACTIVE": 99.92828970957332,
        "INACTIVE": 0.07875049219057619,
        "INVALID": 0,
        "MALICIOUS": 0,
        "SANE": 0,
        "VALID": 0,
        "total": 100.0070402017639
    }
}