{
    "counter": {
        "ACTIVE": 8371,
        "INACTIVE": 32,
        "INVALID": 0,
        "MALICIOUS": 0,
        "SANE": 0,
        "VALID": 0,
        "total": 8403
    },
    "percentage": {
        "ACTIVE": 99.61918362489587,
        "INACTIVE": 0.3888213851761847,
        "INVALID": 0,
        "MALICIOUS": 0,
        "SANE": 0,
        "VALID": 0,
        "total": 100.00800501007205
    }
}