{
    "counter": {
        "ACTIVE": 8317,
        "INACTIVE": 2,
        "INVALID": 0,
        "MALICIOUS": 0,
        "SANE": 0,
        "VALID": 0,
        "total": 8319
    },
    "percentage": {
        "ACTIVE": 99.97595864887607,
        "INACTIVE": 0.025403277022735933,
        "INVALID": 0,
        "MALICIOUS": 0,
        "SANE": 0,
        "VALID": 0,
        "total": 100.0013619258988
    }
}