{
    "counter": {
        "ACTIVE": 8272,
        "INACTIVE": 9,
        "INVALID": 0,
        "MALICIOUS": 0,
        "SANE": 0,
        "VALID": 0,
        "total": 8281
    },
    "percentage": {
        "ACTIVE": 99.89131747373506,
        "INACTIVE": 0.11492785084918912,
        "INVALID": 0,
        "MALICIOUS": 0,
        "SANE": 0,
        "VALID": 0,
        "total": 100.00624532458424
    }
}