{
    "counter": {
        "ACTIVE": 5813,
        "INACTIVE": 102,
        "INVALID": 0,
        "MALICIOUS": 0,
        "SANE": 0,
        "VALID": 0,
        "total": 5915
    },
    "percentage": {
        "ACTIVE": 98.27557058326289,
        "INACTIVE": 1.7364657814096016,
        "INVALID": 0,
        "MALICIOUS": 0,
        "SANE": 0,
        "VALID": 0,
        "total": 100.0120363646725
    }
}