{
    "counter": {
        "ACTIVE": 5150,
        "INACTIVE": 73,
        "INVALID": 0,
        "MALICIOUS": 0,
        "SANE": 0,
        "VALID": 0,
        "total": 5223
    },
    "percentage": {
        "ACTIVE": 98.60233582232433,
        "INACTIVE": 1.4035762353393577,
        "INVALID": 0,
        "MALICIOUS": 0,
        "SANE": 0,
        "VALID": 0,
        "total": 100.00591205766369
    }
}