{
    "counter": {
        "ACTIVE": 8318,
        "INACTIVE": 3,
        "INVALID": 0,
        "MALICIOUS": 0,
        "SANE": 0,
        "VALID": 0,
        "total": 8321
    },
    "percentage": {
        "ACTIVE": 99.96394664102873,
        "INACTIVE": 0.04424778761061947,
        "INVALID": 0,
        "MALICIOUS": 0,
        "SANE": 0,
        "VALID": 0,
        "total": 100.00819442863934
    }
}