{
    "counter": {
        "ACTIVE": 5258,
        "INACTIVE": 81,
        "INVALID": 0,
        "MALICIOUS": 0,
        "SANE": 0,
        "VALID": 0,
        "total": 5339
    },
    "percentage": {
        "ACTIVE": 98.48286195916839,
        "INACTIVE": 1.5297450424929178,
        "INVALID": 0,
        "MALICIOUS": 0,
        "SANE": 0,
        "VALID": 0,
        "total": 100.01260700166131
    }
}