{
    "counter": {
        "ACTIVE": 8246,
        "INACTIVE": 4,
        "INVALID": 0,
        "MALICIOUS": 0,
        "SANE": 0,
        "VALID": 0,
        "total": 8250
    },
    "percentage": {
        "ACTIVE": 99.95151515151515,
        "INACTIVE": 0.05281922619833619,
        "INVALID": 0,
        "MALICIOUS": 0,
        "SANE": 0,
        "VALID": 0,
        "total": 100.00433437771349
    }
}