{
    "counter": {
        "ACTIVE": 1867,
        "INACTIVE": 32,
        "INVALID": 0,
        "MALICIOUS": 0,
        "SANE": 0,
        "VALID": 0,
        "total": 1899
    },
    "percentage": {
        "ACTIVE": 98.31490258030543,
        "INACTIVE": 1.6922263352723428,
        "INVALID": 0,
        "MALICIOUS": 0,
        "SANE": 0,
        "VALID": 0,
        "total": 100.00712891557777
    }
}