{
    "counter": {
        "ACTIVE": 8362,
        "INACTIVE": 5,
        "INVALID": 0,
        "MALICIOUS": 0,
        "SANE": 0,
        "VALID": 0,
        "total": 8367
    },
    "percentage": {
        "ACTIVE": 99.94024142464444,
        "INACTIVE": 0.0656254101588135,
        "INVALID": 0,
        "MALICIOUS": 0,
        "SANE": 0,
        "VALID": 0,
        "total": 100.00586683480326
    }
}