{
    "counter": {
        "ACTIVE": 5833,
        "INACTIVE": 105,
        "INVALID": 0,
        "MALICIOUS": 0,
        "SANE": 0,
        "VALID": 0,
        "total": 5938
    },
    "percentage": {
        "ACTIVE": 98.23172785449647,
        "INACTIVE": 1.77006068779501,
        "INVALID": 0,
        "MALICIOUS": 0,
        "SANE": 0,
        "VALID": 0,
        "total": 100.00178854229148
    }
}