{
    "counter": {
        "ACTIVE": 6258,
        "INACTIVE": 124,
        "INVALID": 0,
        "MALICIOUS": 0,
        "SANE": 0,
        "VALID": 0,
        "total": 6382
    },
    "percentage": {
        "ACTIVE": 98.05703541209652,
        "INACTIVE": 1.9441831295076826,
        "INVALID": 0,
        "MALICIOUS": 0,
        "SANE": 0,
        "VALID": 0,
        "total": 100.0012185416042
    }
}