{
    "counter": {
        "ACTIVE": 1545,
        "INACTIVE": 29,
        "INVALID": 0,
        "MALICIOUS": 0,
        "SANE": 0,
        "VALID": 0,
        "total": 1574
    },
    "percentage": {
        "ACTIVE": 98.15756035578144,
        "INACTIVE": 1.8471337579617835,
        "INVALID": 0,
        "MALICIOUS": 0,
        "SANE": 0,
        "VALID": 0,
        "total": 100.00469411374323
    }
}