{
    "counter": {
        "ACTIVE": 8269,
        "INACTIVE": 7,
        "INVALID": 0,
        "MALICIOUS": 0,
        "SANE": 0,
        "VALID": 0,
        "total": 8276
    },
    "percentage": {
        "ACTIVE": 99.9154180763654,
        "INACTIVE": 0.09859154929577464,
        "INVALID": 0,
        "MALICIOUS": 0,
        "SANE": 0,
        "VALID": 0,
        "total": 100.01400962566117
    }
}