{
    "counter": {
        "ACTIVE": 5973,
        "INACTIVE": 106,
        "INVALID": 0,
        "MALICIOUS": 0,
        "SANE": 0,
        "VALID": 0,
        "total": 6079
    },
    "percentage": {
        "ACTIVE": 98.25629215331469,
        "INACTIVE": 1.7824112998150328,
        "INVALID": 0,
        "MALICIOUS": 0,
        "SANE": 0,
        "VALID": 0,
        "total": 100.03870345312973
    }
}