{
    "counter": {
        "ACTIVE": 5180,
        "INACTIVE": 75,
        "INVALID": 0,
        "MALICIOUS": 0,
        "SANE": 0,
        "VALID": 0,
        "total": 5255
    },
    "percentage": {
        "ACTIVE": 98.57278782112274,
        "INACTIVE": 1.4351320321469576,
        "INVALID": 0,
        "MALICIOUS": 0,
        "SANE": 0,
        "VALID": 0,
        "total": 100.0079198532697
    }
}