{
    "counter": {
        "ACTIVE": 5000,
        "INACTIVE": 70,
        "INVALID": 0,
        "MALICIOUS": 0,
        "SANE": 0,
        "VALID": 0,
        "total": 5070
    },
    "percentage": {
        "ACTIVE": 98.61932938856016,
        "INACTIVE": 1.388062661114416,
        "INVALID": 0,
        "MALICIOUS": 0,
        "SANE": 0,
        "VALID": 0,
        "total": 100.00739204967458
    }
}