{
    "counter": {
        "ACTIVE": 7412,
        "INACTIVE": 189,
        "INVALID": 0,
        "MALICIOUS": 0,
        "SANE": 0,
        "VALID": 0,
        "total": 7601
    },
    "percentage": {
        "ACTIVE": 97.51348506775425,
        "INACTIVE": 2.491103202846975,
        "INVALID": 0,
        "MALICIOUS": 0,
        "SANE": 0,
        "VALID": 0,
        "total": 100.00458827060122
    }
}