{
    "counter": {
        "ACTIVE": 8283,
        "INACTIVE": 3,
        "INVALID": 0,
        "MALICIOUS": 0,
        "SANE": 0,
        "VALID": 0,
        "total": 8286
    },
    "percentage": {
        "ACTIVE": 99.96379435191889,
        "INACTIVE": 0.037401820221917466,
        "INVALID": 0,
        "MALICIOUS": 0,
        "SANE": 0,
        "VALID": 0,
        "total": 100.00119617214081
    }
}