{
    "counter": {
        "ACTIVE": 2146,
        "INACTIVE": 34,
        "INVALID": 0,
        "MALICIOUS": 0,
        "SANE": 0,
        "VALID": 0,
        "total": 2180
    },
    "percentage": {
        "ACTIVE": 98.44036697247707,
        "INACTIVE": 1.7302798982188294,
        "INVALID": 0,
        "MALICIOUS": 0,
        "SANE": 0,
        "VALID": 0,
        "total": 100.17064687069589
    }
}