{
    "counter": {
        "ACTIVE": 8320,
        "INACTIVE": 2,
        "INVALID": 0,
        "MALICIOUS": 0,
        "SANE": 0,
        "VALID": 0,
        "total": 8322
    },
    "percentage": {
        "ACTIVE": 99.97596731554914,
        "INACTIVE": 0.025930247633864905,
        "INVALID": 0,
        "MALICIOUS": 0,
        "SANE": 0,
        "VALID": 0,
        "total": 100.00189756318301
    }
}