{
    "counter": {
        "ACTIVE": 8216,
        "INACTIVE": 3,
        "INVALID": 0,
        "MALICIOUS": 0,
        "SANE": 0,
        "VALID": 0,
        "total": 8219
    },
    "percentage": {
        "ACTIVE": 99.96349920914953,
        "INACTIVE": 0.04264998578333807,
        "INVALID": 0,
        "MALICIOUS": 0,
        "SANE": 0,
        "VALID": 0,
        "total": 100.00614919493287
    }
}