{
    "counter": {
        "ACTIVE": 1753,
        "INACTIVE": 30,
        "INVALID": 0,
        "MALICIOUS": 0,
        "SANE": 0,
        "VALID": 0,
        "total": 1783
    },
    "percentage": {
        "ACTIVE": 98.31744251261918,
        "INACTIVE": 1.710376282782212,
        "INVALID": 0,
        "MALICIOUS": 0,
        "SANE": 0,
        "VALID": 0,
        "total": 100.02781879540139
    }
}