{
    "counter": {
        "ACTIVE": 5004,
        "INACTIVE": 70,
        "INVALID": 0,
        "MALICIOUS": 0,
        "SANE": 0,
        "VALID": 0,
        "total": 5074
    },
    "percentage": {
        "ACTIVE": 98.6204178163185,
        "INACTIVE": 1.388062661114416,
        "INVALID": 0,
        "MALICIOUS": 0,
        "SANE": 0,
        "VALID": 0,
        "total": 100.00848047743291
    }
}