{
    "counter": {
        "ACTIVE": 6848,
        "INACTIVE": 155,
        "INVALID": 0,
        "MALICIOUS": 0,
        "SANE": 0,
        "VALID": 0,
        "total": 7003
    },
    "percentage": {
        "ACTIVE": 97.7866628587748,
        "INACTIVE": 2.227971826936898,
        "INVALID": 0,
        "MALICIOUS": 0,
        "SANE": 0,
        "VALID": 0,
        "total": 100.0146346857117
    }
}