{
    "counter": {
        "ACTIVE": 8327,
        "INACTIVE": 5,
        "INVALID": 0,
        "MALICIOUS": 0,
        "SANE": 0,
        "VALID": 0,
        "total": 8332
    },
    "percentage": {
        "ACTIVE": 99.93999039846375,
        "INACTIVE": 0.08386447500838645,
        "INVALID": 0,
        "MALICIOUS": 0,
        "SANE": 0,
        "VALID": 0,
        "total": 100.02385487347213
    }
}