{
    "counter": {
        "ACTIVE": 1612,
        "INACTIVE": 29,
        "INVALID": 0,
        "MALICIOUS": 0,
        "SANE": 0,
        "VALID": 0,
        "total": 1641
    },
    "percentage": {
        "ACTIVE": 98.23278488726386,
        "INACTIVE": 1.8471337579617835,
        "INVALID": 0,
        "MALICIOUS": 0,
        "SANE": 0,
        "VALID": 0,
        "total": 100.07991864522565
    }
}