{
    "counter": {
        "ACTIVE": 1210,
        "INACTIVE": 19,
        "INVALID": 0,
        "MALICIOUS": 0,
        "SANE": 0,
        "VALID": 0,
        "total": 1229
    },
    "percentage": {
        "ACTIVE": 98.4540276647681,
        "INACTIVE": 1.5767634854771784,
        "INVALID": 0,
        "MALICIOUS": 0,
        "SANE": 0,
        "VALID": 0,
        "total": 100.03079115024528
    }
}