{
    "counter": {
        "ACTIVE": 118186,
        "INACTIVE": 6588,
        "INVALID": 0,
        "MALICIOUS": 0,
        "SANE": 0,
        "VALID": 0,
        "total": 124774
    },
    "percentage": {
        "ACTIVE": 94.72005385737413,
        "INACTIVE": 5.28583463714045,
        "INVALID": 0,
        "MALICIOUS": 0,
        "SANE": 0,
        "VALID": 0,
        "total": 100.00588849451458
    }
}