{
    "counter": {
        "ACTIVE": 16633,
        "INACTIVE": 6,
        "INVALID": 0,
        "MALICIOUS": 0,
        "SANE": 0,
        "VALID": 0,
        "total": 16639
    },
    "percentage": {
        "ACTIVE": 99.96394014063345,
        "INACTIVE": 0.036936715094804236,
        "INVALID": 0,
        "MALICIOUS": 0,
        "SANE": 0,
        "VALID": 0,
        "total": 100.00087685572827
    }
}