{
    "counter": {
        "ACTIVE": 7007,
        "INACTIVE": 165,
        "INVALID": 0,
        "MALICIOUS": 0,
        "SANE": 0,
        "VALID": 0,
        "total": 7172
    },
    "percentage": {
        "ACTIVE": 97.69938650306749,
        "INACTIVE": 2.316764953664701,
        "INVALID": 0,
        "MALICIOUS": 0,
        "SANE": 0,
        "VALID": 0,
        "total": 100.01615145673219
    }
}