{
    "counter": {
        "ACTIVE": 3209,
        "INACTIVE": 49,
        "INVALID": 0,
        "MALICIOUS": 0,
        "SANE": 0,
        "VALID": 0,
        "total": 3258
    },
    "percentage": {
        "ACTIVE": 98.49600982197667,
        "INACTIVE": 1.5231582219459123,
        "INVALID": 0,
        "MALICIOUS": 0,
        "SANE": 0,
        "VALID": 0,
        "total": 100.01916804392258
    }
}