{
    "counter": {
        "ACTIVE": 3813,
        "INACTIVE": 56,
        "INVALID": 0,
        "MALICIOUS": 0,
        "SANE": 0,
        "VALID": 0,
        "total": 3869
    },
    "percentage": {
        "ACTIVE": 98.57807652533609,
        "INACTIVE": 1.4474024295683638,
        "INVALID": 0,
        "MALICIOUS": 0,
        "SANE": 0,
        "VALID": 0,
        "total": 100.02547895490446
    }
}