{
    "counter": {
        "ACTIVE": 1546,
        "INACTIVE": 29,
        "INVALID": 0,
        "MALICIOUS": 0,
        "SANE": 0,
        "VALID": 0,
        "total": 1575
    },
    "percentage": {
        "ACTIVE": 98.15873015873017,
        "INACTIVE": 1.8471337579617835,
        "INVALID": 0,
        "MALICIOUS": 0,
        "SANE": 0,
        "VALID": 0,
        "total": 100.00586391669195
    }
}