{
    "counter": {
        "ACTIVE": 763,
        "INACTIVE": 11,
        "INVALID": 0,
        "MALICIOUS": 0,
        "SANE": 0,
        "VALID": 0,
        "total": 774
    },
    "percentage": {
        "ACTIVE": 98.57881136950904,
        "INACTIVE": 1.9366197183098592,
        "INVALID": 0,
        "MALICIOUS": 0,
        "SANE": 0,
        "VALID": 0,
        "total": 100.5154310878189
    }
}