{
    "counter": {
        "ACTIVE": 8344,
        "INACTIVE": 3,
        "INVALID": 0,
        "MALICIOUS": 0,
        "SANE": 0,
        "VALID": 0,
        "total": 8347
    },
    "percentage": {
        "ACTIVE": 99.96405894333293,
        "INACTIVE": 0.03900663112729164,
        "INVALID": 0,
        "MALICIOUS": 0,
        "SANE": 0,
        "VALID": 0,
        "total": 100.00306557446022
    }
}