{
    "counter": {
        "ACTIVE": 5543,
        "INACTIVE": 3,
        "INVALID": 0,
        "MALICIOUS": 0,
        "SANE": 0,
        "VALID": 0,
        "total": 5546
    },
    "percentage": {
        "ACTIVE": 99.94590695997115,
        "INACTIVE": 0.05852516582130316,
        "INVALID": 0,
        "MALICIOUS": 0,
        "SANE": 0,
        "VALID": 0,
        "total": 100.00443212579246
    }
}