{
    "counter": {
        "ACTIVE": 8323,
        "INACTIVE": 10,
        "INVALID": 0,
        "MALICIOUS": 0,
        "SANE": 0,
        "VALID": 0,
        "total": 8331
    },
    "percentage": {
        "ACTIVE": 99.879995199808,
        "INACTIVE": 0.1368550704803613,
        "INVALID": 0,
        "MALICIOUS": 0,
        "SANE": 0,
        "VALID": 0,
        "total": 100.01685027028836
    }
}