{
    "counter": {
        "ACTIVE": 7038,
        "INACTIVE": 166,
        "INVALID": 0,
        "MALICIOUS": 0,
        "SANE": 0,
        "VALID": 0,
        "total": 7204
    },
    "percentage": {
        "ACTIVE": 97.69572459744586,
        "INACTIVE": 2.307478454267445,
        "INVALID": 0,
        "MALICIOUS": 0,
        "SANE": 0,
        "VALID": 0,
        "total": 100.0032030517133
    }
}