{
    "counter": {
        "ACTIVE": 7253,
        "INACTIVE": 182,
        "INVALID": 0,
        "MALICIOUS": 0,
        "SANE": 0,
        "VALID": 0,
        "total": 7435
    },
    "percentage": {
        "ACTIVE": 97.55211835911231,
        "INACTIVE": 2.4611223799864774,
        "INVALID": 0,
        "MALICIOUS": 0,
        "SANE": 0,
        "VALID": 0,
        "total": 100.01324073909879
    }
}