{
    "counter": {
        "ACTIVE": 2026,
        "INACTIVE": 34,
        "INVALID": 0,
        "MALICIOUS": 0,
        "SANE": 0,
        "VALID": 0,
        "total": 2060
    },
    "percentage": {
        "ACTIVE": 98.3495145631068,
        "INACTIVE": 1.7302798982188294,
        "INVALID": 0,
        "MALICIOUS": 0,
        "SANE": 0,
        "VALID": 0,
        "total": 100.07979446132562
    }
}