{
    "counter": {
        "ACTIVE": 8279,
        "INACTIVE": 11,
        "INVALID": 0,
        "MALICIOUS": 0,
        "SANE": 0,
        "VALID": 0,
        "total": 8290
    },
    "percentage": {
        "ACTIVE": 99.86731001206273,
        "INACTIVE": 0.14481305950500264,
        "INVALID": 0,
        "MALICIOUS": 0,
        "SANE": 0,
        "VALID": 0,
        "total": 100.01212307156773
    }
}