{
    "counter": {
        "ACTIVE": 6526,
        "INACTIVE": 136,
        "INVALID": 0,
        "MALICIOUS": 0,
        "SANE": 0,
        "VALID": 0,
        "total": 6662
    },
    "percentage": {
        "ACTIVE": 97.95857099969979,
        "INACTIVE": 2.0448052924372275,
        "INVALID": 0,
        "MALICIOUS": 0,
        "SANE": 0,
        "VALID": 0,
        "total": 100.00337629213702
    }
}