{
    "counter": {
        "ACTIVE": 1006,
        "INACTIVE": 13,
        "INVALID": 0,
        "MALICIOUS": 0,
        "SANE": 0,
        "VALID": 0,
        "total": 1019
    },
    "percentage": {
        "ACTIVE": 98.72423945044162,
        "INACTIVE": 1.6560509554140128,
        "INVALID": 0,
        "MALICIOUS": 0,
        "SANE": 0,
        "VALID": 0,
        "total": 100.38029040585563
    }
}