{
    "counter": {
        "ACTIVE": 6045,
        "INACTIVE": 113,
        "INVALID": 0,
        "MALICIOUS": 0,
        "SANE": 0,
        "VALID": 0,
        "total": 6158
    },
    "percentage": {
        "ACTIVE": 98.16498863267294,
        "INACTIVE": 1.8353094039304856,
        "INVALID": 0,
        "MALICIOUS": 0,
        "SANE": 0,
        "VALID": 0,
        "total": 100.00029803660343
    }
}