{
    "counter": {
        "ACTIVE": 8285,
        "INACTIVE": 1,
        "INVALID": 0,
        "MALICIOUS": 0,
        "SANE": 0,
        "VALID": 0,
        "total": 8287
    },
    "percentage": {
        "ACTIVE": 99.98793145063964,
        "INACTIVE": 0.01729804532087874,
        "INVALID": 0,
        "MALICIOUS": 0,
        "SANE": 0,
        "VALID": 0,
        "total": 100.00522949596052
    }
}