{
    "counter": {
        "ACTIVE": 4232,
        "INACTIVE": 59,
        "INVALID": 0,
        "MALICIOUS": 0,
        "SANE": 0,
        "VALID": 0,
        "total": 4291
    },
    "percentage": {
        "ACTIVE": 98.62502913073875,
        "INACTIVE": 1.4097968936678613,
        "INVALID": 0,
        "MALICIOUS": 0,
        "SANE": 0,
        "VALID": 0,
        "total": 100.03482602440661
    }
}