{
    "counter": {
        "ACTIVE": 8333,
        "INACTIVE": 6,
        "INVALID": 0,
        "MALICIOUS": 0,
        "SANE": 0,
        "VALID": 0,
        "total": 8339
    },
    "percentage": {
        "ACTIVE": 99.92804892672983,
        "INACTIVE": 0.09783140388064569,
        "INVALID": 0,
        "MALICIOUS": 0,
        "SANE": 0,
        "VALID": 0,
        "total": 100.02588033061048
    }
}