{
    "counter": {
        "ACTIVE": 8286,
        "INACTIVE": 1,
        "INVALID": 0,
        "MALICIOUS": 0,
        "SANE": 0,
        "VALID": 0,
        "total": 8287
    },
    "percentage": {
        "ACTIVE": 99.98793290696271,
        "INACTIVE": 0.019171779141104295,
        "INVALID": 0,
        "MALICIOUS": 0,
        "SANE": 0,
        "VALID": 0,
        "total": 100.00710468610382
    }
}