{
    "counter": {
        "ACTIVE": 8360,
        "INACTIVE": 6,
        "INVALID": 0,
        "MALICIOUS": 0,
        "SANE": 0,
        "VALID": 0,
        "total": 8366
    },
    "percentage": {
        "ACTIVE": 99.92828113793928,
        "INACTIVE": 0.08001066808907854,
        "INVALID": 0,
        "MALICIOUS": 0,
        "SANE": 0,
        "VALID": 0,
        "total": 100.00829180602835
    }
}