{
    "counter": {
        "ACTIVE": 8352,
        "INACTIVE": 3,
        "INVALID": 0,
        "MALICIOUS": 0,
        "SANE": 0,
        "VALID": 0,
        "total": 8355
    },
    "percentage": {
        "ACTIVE": 99.9640933572711,
        "INACTIVE": 0.04111842105263158,
        "INVALID": 0,
        "MALICIOUS": 0,
        "SANE": 0,
        "VALID": 0,
        "total": 100.00521177832373
    }
}