{
    "counter": {
        "ACTIVE": 8330,
        "INACTIVE": 4,
        "INVALID": 0,
        "MALICIOUS": 0,
        "SANE": 0,
        "VALID": 0,
        "total": 8334
    },
    "percentage": {
        "ACTIVE": 99.95200383969282,
        "INACTIVE": 0.06709158000670916,
        "INVALID": 0,
        "MALICIOUS": 0,
        "SANE": 0,
        "VALID": 0,
        "total": 100.01909541969952
    }
}