{
    "counter": {
        "ACTIVE": 8337,
        "INACTIVE": 12,
        "INVALID": 0,
        "MALICIOUS": 0,
        "SANE": 0,
        "VALID": 0,
        "total": 8349
    },
    "percentage": {
        "ACTIVE": 99.85627021200143,
        "INACTIVE": 0.1535312180143296,
        "INVALID": 0,
        "MALICIOUS": 0,
        "SANE": 0,
        "VALID": 0,
        "total": 100.00980143001577
    }
}