{
    "counter": {
        "ACTIVE": 7484,
        "INACTIVE": 194,
        "INVALID": 0,
        "MALICIOUS": 0,
        "SANE": 0,
        "VALID": 0,
        "total": 7678
    },
    "percentage": {
        "ACTIVE": 97.47330033862985,
        "INACTIVE": 2.5273579989577906,
        "INVALID": 0,
        "MALICIOUS": 0,
        "SANE": 0,
        "VALID": 0,
        "total": 100.00065833758765
    }
}