{
    "counter": {
        "ACTIVE": 5202,
        "INACTIVE": 79,
        "INVALID": 0,
        "MALICIOUS": 0,
        "SANE": 0,
        "VALID": 0,
        "total": 5281
    },
    "percentage": {
        "ACTIVE": 98.50407119863662,
        "INACTIVE": 1.499335737331562,
        "INVALID": 0,
        "MALICIOUS": 0,
        "SANE": 0,
        "VALID": 0,
        "total": 100.00340693596819
    }
}