{
    "counter": {
        "ACTIVE": 7171,
        "INACTIVE": 176,
        "INVALID": 0,
        "MALICIOUS": 0,
        "SANE": 0,
        "VALID": 0,
        "total": 7347
    },
    "percentage": {
        "ACTIVE": 97.60446440724105,
        "INACTIVE": 2.3971669844728956,
        "INVALID": 0,
        "MALICIOUS": 0,
        "SANE": 0,
        "VALID": 0,
        "total": 100.00163139171394
    }
}