{
    "counter": {
        "ACTIVE": 5306,
        "INACTIVE": 82,
        "INVALID": 0,
        "MALICIOUS": 0,
        "SANE": 0,
        "VALID": 0,
        "total": 5388
    },
    "percentage": {
        "ACTIVE": 98.47809948032665,
        "INACTIVE": 1.525297619047619,
        "INVALID": 0,
        "MALICIOUS": 0,
        "SANE": 0,
        "VALID": 0,
        "total": 100.00339709937427
    }
}