{
    "counter": {
        "ACTIVE": 6500,
        "INACTIVE": 135,
        "INVALID": 0,
        "MALICIOUS": 0,
        "SANE": 0,
        "VALID": 0,
        "total": 6635
    },
    "percentage": {
        "ACTIVE": 97.96533534287867,
        "INACTIVE": 2.0361990950226243,
        "INVALID": 0,
        "MALICIOUS": 0,
        "SANE": 0,
        "VALID": 0,
        "total": 100.0015344379013
    }
}