{
    "counter": {
        "ACTIVE": 7150,
        "INACTIVE": 173,
        "INVALID": 0,
        "MALICIOUS": 0,
        "SANE": 0,
        "VALID": 0,
        "total": 7323
    },
    "percentage": {
        "ACTIVE": 97.63758022668306,
        "INACTIVE": 2.36468015308912,
        "INVALID": 0,
        "MALICIOUS": 0,
        "SANE": 0,
        "VALID": 0,
        "total": 100.00226037977218
    }
}