{
    "counter": {
        "ACTIVE": 8360,
        "INACTIVE": 4,
        "INVALID": 0,
        "MALICIOUS": 0,
        "SANE": 0,
        "VALID": 0,
        "total": 8364
    },
    "percentage": {
        "ACTIVE": 99.95217599234816,
        "INACTIVE": 0.05250032812705079,
        "INVALID": 0,
        "MALICIOUS": 0,
        "SANE": 0,
        "VALID": 0,
        "total": 100.00467632047521
    }
}