{
    "counter": {
        "ACTIVE": 6743,
        "INACTIVE": 148,
        "INVALID": 0,
        "MALICIOUS": 0,
        "SANE": 0,
        "VALID": 0,
        "total": 6891
    },
    "percentage": {
        "ACTIVE": 97.85227107821797,
        "INACTIVE": 2.15492137449039,
        "INVALID": 0,
        "MALICIOUS": 0,
        "SANE": 0,
        "VALID": 0,
        "total": 100.00719245270835
    }
}