{
    "counter": {
        "ACTIVE": 1422,
        "INACTIVE": 26,
        "INVALID": 0,
        "MALICIOUS": 0,
        "SANE": 0,
        "VALID": 0,
        "total": 1448
    },
    "percentage": {
        "ACTIVE": 98.20441988950276,
        "INACTIVE": 1.8400566171266808,
        "INVALID": 0,
        "MALICIOUS": 0,
        "SANE": 0,
        "VALID": 0,
        "total": 100.04447650662944
    }
}