{
    "counter": {
        "ACTIVE": 8193,
        "INACTIVE": 4,
        "INVALID": 0,
        "MALICIOUS": 0,
        "SANE": 0,
        "VALID": 0,
        "total": 8197
    },
    "percentage": {
        "ACTIVE": 99.95120165914359,
        "INACTIVE": 0.06261740763932373,
        "INVALID": 0,
        "MALICIOUS": 0,
        "SANE": 0,
        "VALID": 0,
        "total": 100.01381906678292
    }
}