{
    "counter": {
        "ACTIVE": 8315,
        "INACTIVE": 3,
        "INVALID": 0,
        "MALICIOUS": 0,
        "SANE": 0,
        "VALID": 0,
        "total": 8318
    },
    "percentage": {
        "ACTIVE": 99.96393363789373,
        "INACTIVE": 0.037267080745341616,
        "INVALID": 0,
        "MALICIOUS": 0,
        "SANE": 0,
        "VALID": 0,
        "total": 100.00120071863907
    }
}