{
    "counter": {
        "ACTIVE": 5026,
        "INACTIVE": 71,
        "INVALID": 0,
        "MALICIOUS": 0,
        "SANE": 0,
        "VALID": 0,
        "total": 5097
    },
    "percentage": {
        "ACTIVE": 98.60702373945458,
        "INACTIVE": 1.3962635201573255,
        "INVALID": 0,
        "MALICIOUS": 0,
        "SANE": 0,
        "VALID": 0,
        "total": 100.0032872596119
    }
}