{
    "counter": {
        "ACTIVE": 5701,
        "INACTIVE": 98,
        "INVALID": 0,
        "MALICIOUS": 0,
        "SANE": 0,
        "VALID": 0,
        "total": 5799
    },
    "percentage": {
        "ACTIVE": 98.3270093135564,
        "INACTIVE": 1.6899465425073288,
        "INVALID": 0,
        "MALICIOUS": 0,
        "SANE": 0,
        "VALID": 0,
        "total": 100.01695585606373
    }
}