{
    "counter": {
        "ACTIVE": 8278,
        "INACTIVE": 12,
        "INVALID": 0,
        "MALICIOUS": 0,
        "SANE": 0,
        "VALID": 0,
        "total": 8290
    },
    "percentage": {
        "ACTIVE": 99.8552472858866,
        "INACTIVE": 0.1579778830963665,
        "INVALID": 0,
        "MALICIOUS": 0,
        "SANE": 0,
        "VALID": 0,
        "total": 100.01322516898297
    }
}