{
    "counter": {
        "ACTIVE": 8280,
        "INACTIVE": 10,
        "INVALID": 0,
        "MALICIOUS": 0,
        "SANE": 0,
        "VALID": 0,
        "total": 8290
    },
    "percentage": {
        "ACTIVE": 99.87937273823884,
        "INACTIVE": 0.13164823591363875,
        "INVALID": 0,
        "MALICIOUS": 0,
        "SANE": 0,
        "VALID": 0,
        "total": 100.01102097415249
    }
}