{
    "counter": {
        "ACTIVE": 6394,
        "INACTIVE": 130,
        "INVALID": 0,
        "MALICIOUS": 0,
        "SANE": 0,
        "VALID": 0,
        "total": 6524
    },
    "percentage": {
        "ACTIVE": 98.00735744941754,
        "INACTIVE": 2.0067922198209325,
        "INVALID": 0,
        "MALICIOUS": 0,
        "SANE": 0,
        "VALID": 0,
        "total": 100.01414966923848
    }
}