{
    "counter": {
        "ACTIVE": 85699,
        "INACTIVE": 370,
        "INVALID": 0,
        "MALICIOUS": 0,
        "SANE": 0,
        "VALID": 0,
        "total": 86069
    },
    "percentage": {
        "ACTIVE": 99.57011235171781,
        "INACTIVE": 0.4308437550944363,
        "INVALID": 0,
        "MALICIOUS": 0,
        "SANE": 0,
        "VALID": 0,
        "total": 100.00095610681225
    }
}