{
    "counter": {
        "ACTIVE": 5227,
        "INACTIVE": 81,
        "INVALID": 0,
        "MALICIOUS": 0,
        "SANE": 0,
        "VALID": 0,
        "total": 5308
    },
    "percentage": {
        "ACTIVE": 98.474001507159,
        "INACTIVE": 1.5297450424929178,
        "INVALID": 0,
        "MALICIOUS": 0,
        "SANE": 0,
        "VALID": 0,
        "total": 100.00374654965192
    }
}