{
    "counter": {
        "ACTIVE": 6594,
        "INACTIVE": 64,
        "INVALID": 0,
        "MALICIOUS": 0,
        "SANE": 0,
        "VALID": 0,
        "total": 6658
    },
    "percentage": {
        "ACTIVE": 99.03875037548814,
        "INACTIVE": 0.9959539371304077,
        "INVALID": 0,
        "MALICIOUS": 0,
        "SANE": 0,
        "VALID": 0,
        "total": 100.03470431261854
    }
}