{
    "counter": {
        "ACTIVE": 5647,
        "INACTIVE": 95,
        "INVALID": 0,
        "MALICIOUS": 0,
        "SANE": 0,
        "VALID": 0,
        "total": 5742
    },
    "percentage": {
        "ACTIVE": 98.34552420759317,
        "INACTIVE": 1.6666666666666667,
        "INVALID": 0,
        "MALICIOUS": 0,
        "SANE": 0,
        "VALID": 0,
        "total": 100.01219087425984
    }
}