{
    "counter": {
        "ACTIVE": 8335,
        "INACTIVE": 3,
        "INVALID": 0,
        "MALICIOUS": 0,
        "SANE": 0,
        "VALID": 0,
        "total": 8338
    },
    "percentage": {
        "ACTIVE": 99.96402014871671,
        "INACTIVE": 0.05090785677922959,
        "INVALID": 0,
        "MALICIOUS": 0,
        "SANE": 0,
        "VALID": 0,
        "total": 100.01492800549595
    }
}