{
    "counter": {
        "ACTIVE": 5388,
        "INACTIVE": 85,
        "INVALID": 0,
        "MALICIOUS": 0,
        "SANE": 0,
        "VALID": 0,
        "total": 5473
    },
    "percentage": {
        "ACTIVE": 98.4469212497716,
        "INACTIVE": 1.5596330275229358,
        "INVALID": 0,
        "MALICIOUS": 0,
        "SANE": 0,
        "VALID": 0,
        "total": 100.00655427729454
    }
}