{
    "counter": {
        "ACTIVE": 6662,
        "INACTIVE": 142,
        "INVALID": 0,
        "MALICIOUS": 0,
        "SANE": 0,
        "VALID": 0,
        "total": 6804
    },
    "percentage": {
        "ACTIVE": 97.92738497721594,
        "INACTIVE": 2.087007642563198,
        "INVALID": 0,
        "MALICIOUS": 0,
        "SANE": 0,
        "VALID": 0,
        "total": 100.01439261977913
    }
}