{
    "counter": {
        "ACTIVE": 8316,
        "INACTIVE": 2,
        "INVALID": 0,
        "MALICIOUS": 0,
        "SANE": 0,
        "VALID": 0,
        "total": 8318
    },
    "percentage": {
        "ACTIVE": 99.97595575859582,
        "INACTIVE": 0.02926972047416947,
        "INVALID": 0,
        "MALICIOUS": 0,
        "SANE": 0,
        "VALID": 0,
        "total": 100.00522547906999
    }
}