{
    "counter": {
        "ACTIVE": 8329,
        "INACTIVE": 6,
        "INVALID": 0,
        "MALICIOUS": 0,
        "SANE": 0,
        "VALID": 0,
        "total": 8335
    },
    "percentage": {
        "ACTIVE": 99.92801439712058,
        "INACTIVE": 0.10063737001006373,
        "INVALID": 0,
        "MALICIOUS": 0,
        "SANE": 0,
        "VALID": 0,
        "total": 100.02865176713064
    }
}