{
    "counter": {
        "ACTIVE": 8323,
        "INACTIVE": 8,
        "INVALID": 0,
        "MALICIOUS": 0,
        "SANE": 0,
        "VALID": 0,
        "total": 8331
    },
    "percentage": {
        "ACTIVE": 99.90397311247149,
        "INACTIVE": 0.10399064084232419,
        "INVALID": 0,
        "MALICIOUS": 0,
        "SANE": 0,
        "VALID": 0,
        "total": 100.00796375331382
    }
}