{
    "counter": {
        "ACTIVE": 3711,
        "INACTIVE": 53,
        "INVALID": 0,
        "MALICIOUS": 0,
        "SANE": 0,
        "VALID": 0,
        "total": 3764
    },
    "percentage": {
        "ACTIVE": 98.59192348565357,
        "INACTIVE": 1.4235831318828902,
        "INVALID": 0,
        "MALICIOUS": 0,
        "SANE": 0,
        "VALID": 0,
        "total": 100.01550661753646
    }
}