{
    "counter": {
        "ACTIVE": 16637,
        "INACTIVE": 6,
        "INVALID": 0,
        "MALICIOUS": 0,
        "SANE": 0,
        "VALID": 0,
        "total": 16643
    },
    "percentage": {
        "ACTIVE": 99.96394880730638,
        "INACTIVE": 0.036936715094804236,
        "INVALID": 0,
        "MALICIOUS": 0,
        "SANE": 0,
        "VALID": 0,
        "total": 100.00088552240119
    }
}