{
    "counter": {
        "ACTIVE": 8361,
        "INACTIVE": 2,
        "INVALID": 0,
        "MALICIOUS": 0,
        "SANE": 0,
        "VALID": 0,
        "total": 8363
    },
    "percentage": {
        "ACTIVE": 99.97608513691259,
        "INACTIVE": 0.04251700680272109,
        "INVALID": 0,
        "MALICIOUS": 0,
        "SANE": 0,
        "VALID": 0,
        "total": 100.01860214371531
    }
}