{
    "counter": {
        "ACTIVE": 1367,
        "INACTIVE": 24,
        "INVALID": 0,
        "MALICIOUS": 0,
        "SANE": 0,
        "VALID": 0,
        "total": 1391
    },
    "percentage": {
        "ACTIVE": 98.27462257368799,
        "INACTIVE": 1.7870439314966493,
        "INVALID": 0,
        "MALICIOUS": 0,
        "SANE": 0,
        "VALID": 0,
        "total": 100.06166650518465
    }
}