{
    "counter": {
        "ACTIVE": 8336,
        "INACTIVE": 2,
        "INVALID": 0,
        "MALICIOUS": 0,
        "SANE": 0,
        "VALID": 0,
        "total": 8338
    },
    "percentage": {
        "ACTIVE": 99.97601343247781,
        "INACTIVE": 0.033938571186153066,
        "INVALID": 0,
        "MALICIOUS": 0,
        "SANE": 0,
        "VALID": 0,
        "total": 100.00995200366397
    }
}