{
    "counter": {
        "ACTIVE": 6020,
        "INACTIVE": 110,
        "INVALID": 0,
        "MALICIOUS": 0,
        "SANE": 0,
        "VALID": 0,
        "total": 6130
    },
    "percentage": {
        "ACTIVE": 98.20554649265905,
        "INACTIVE": 1.7985611510791366,
        "INVALID": 0,
        "MALICIOUS": 0,
        "SANE": 0,
        "VALID": 0,
        "total": 100.0041076437382
    }
}