{
    "counter": {
        "ACTIVE": 8236,
        "INACTIVE": 1,
        "INVALID": 0,
        "MALICIOUS": 0,
        "SANE": 0,
        "VALID": 0,
        "total": 8237
    },
    "percentage": {
        "ACTIVE": 99.98785965764235,
        "INACTIVE": 0.019116803670426306,
        "INVALID": 0,
        "MALICIOUS": 0,
        "SANE": 0,
        "VALID": 0,
        "total": 100.00697646131277
    }
}