{
    "counter": {
        "ACTIVE": 5506,
        "INACTIVE": 88,
        "INVALID": 0,
        "MALICIOUS": 0,
        "SANE": 0,
        "VALID": 0,
        "total": 5594
    },
    "percentage": {
        "ACTIVE": 98.42688594923132,
        "INACTIVE": 1.5838732901367891,
        "INVALID": 0,
        "MALICIOUS": 0,
        "SANE": 0,
        "VALID": 0,
        "total": 100.01075923936811
    }
}