{
    "counter": {
        "ACTIVE": 8357,
        "INACTIVE": 4,
        "INVALID": 0,
        "MALICIOUS": 0,
        "SANE": 0,
        "VALID": 0,
        "total": 8361
    },
    "percentage": {
        "ACTIVE": 99.95215883267552,
        "INACTIVE": 0.054772011502122415,
        "INVALID": 0,
        "MALICIOUS": 0,
        "SANE": 0,
        "VALID": 0,
        "total": 100.00693084417765
    }
}