{
    "counter": {
        "ACTIVE": 5996,
        "INACTIVE": 108,
        "INVALID": 0,
        "MALICIOUS": 0,
        "SANE": 0,
        "VALID": 0,
        "total": 6104
    },
    "percentage": {
        "ACTIVE": 98.23066841415465,
        "INACTIVE": 1.7704918032786885,
        "INVALID": 0,
        "MALICIOUS": 0,
        "SANE": 0,
        "VALID": 0,
        "total": 100.00116021743334
    }
}