{
    "counter": {
        "ACTIVE": 8317,
        "INACTIVE": 2,
        "INVALID": 0,
        "MALICIOUS": 0,
        "SANE": 0,
        "VALID": 0,
        "total": 8319
    },
    "percentage": {
        "ACTIVE": 99.97595864887607,
        "INACTIVE": 0.024838549428713365,
        "INVALID": 0,
        "MALICIOUS": 0,
        "SANE": 0,
        "VALID": 0,
        "total": 100.00079719830478
    }
}