{
    "counter": {
        "ACTIVE": 8318,
        "INACTIVE": 4,
        "INVALID": 0,
        "MALICIOUS": 0,
        "SANE": 0,
        "VALID": 0,
        "total": 8322
    },
    "percentage": {
        "ACTIVE": 99.9519346310983,
        "INACTIVE": 0.05186049526772981,
        "INVALID": 0,
        "MALICIOUS": 0,
        "SANE": 0,
        "VALID": 0,
        "total": 100.00379512636603
    }
}