{
    "counter": {
        "ACTIVE": 8243,
        "INACTIVE": 6,
        "INVALID": 0,
        "MALICIOUS": 0,
        "SANE": 0,
        "VALID": 0,
        "total": 8249
    },
    "percentage": {
        "ACTIVE": 99.92726391077706,
        "INACTIVE": 0.07923930269413629,
        "INVALID": 0,
        "MALICIOUS": 0,
        "SANE": 0,
        "VALID": 0,
        "total": 100.00650321347119
    }
}