{
    "counter": {
        "ACTIVE": 16634,
        "INACTIVE": 5,
        "INVALID": 0,
        "MALICIOUS": 0,
        "SANE": 0,
        "VALID": 0,
        "total": 16639
    },
    "percentage": {
        "ACTIVE": 99.96995011719454,
        "INACTIVE": 0.03087182020251914,
        "INVALID": 0,
        "MALICIOUS": 0,
        "SANE": 0,
        "VALID": 0,
        "total": 100.00082193739706
    }
}