{
    "counter": {
        "ACTIVE": 642,
        "INACTIVE": 11,
        "INVALID": 0,
        "MALICIOUS": 0,
        "SANE": 0,
        "VALID": 0,
        "total": 653
    },
    "percentage": {
        "ACTIVE": 98.31546707503828,
        "INACTIVE": 1.9366197183098592,
        "INVALID": 0,
        "MALICIOUS": 0,
        "SANE": 0,
        "VALID": 0,
        "total": 100.25208679334814
    }
}