{
    "counter": {
        "ACTIVE": 7703,
        "INACTIVE": 5,
        "INVALID": 0,
        "MALICIOUS": 0,
        "SANE": 0,
        "VALID": 0,
        "total": 7708
    },
    "percentage": {
        "ACTIVE": 99.9351323300467,
        "INACTIVE": 0.07560864962951762,
        "INVALID": 0,
        "MALICIOUS": 0,
        "SANE": 0,
        "VALID": 0,
        "total": 100.01074097967621
    }
}