{
    "counter": {
        "ACTIVE": 109770,
        "INACTIVE": 5732,
        "INVALID": 0,
        "MALICIOUS": 0,
        "SANE": 0,
        "VALID": 0,
        "total": 115502
    },
    "percentage": {
        "ACTIVE": 95.0373153711624,
        "INACTIVE": 4.963071354973895,
        "INVALID": 0,
        "MALICIOUS": 0,
        "SANE": 0,
        "VALID": 0,
        "total": 100.0003867261363
    }
}