{
    "counter": {
        "ACTIVE": 6811,
        "INACTIVE": 155,
        "INVALID": 0,
        "MALICIOUS": 0,
        "SANE": 0,
        "VALID": 0,
        "total": 6966
    },
    "percentage": {
        "ACTIVE": 97.77490668963537,
        "INACTIVE": 2.227971826936898,
        "INVALID": 0,
        "MALICIOUS": 0,
        "SANE": 0,
        "VALID": 0,
        "total": 100.00287851657227
    }
}