{
    "counter": {
        "ACTIVE": 8190,
        "INACTIVE": 3,
        "INVALID": 0,
        "MALICIOUS": 0,
        "SANE": 0,
        "VALID": 0,
        "total": 8193
    },
    "percentage": {
        "ACTIVE": 99.96338337605273,
        "INACTIVE": 0.05015883631499749,
        "INVALID": 0,
        "MALICIOUS": 0,
        "SANE": 0,
        "VALID": 0,
        "total": 100.01354221236772
    }
}