{
    "counter": {
        "ACTIVE": 1991,
        "INACTIVE": 34,
        "INVALID": 0,
        "MALICIOUS": 0,
        "SANE": 0,
        "VALID": 0,
        "total": 2025
    },
    "percentage": {
        "ACTIVE": 98.32098765432099,
        "INACTIVE": 1.7302798982188294,
        "INVALID": 0,
        "MALICIOUS": 0,
        "SANE": 0,
        "VALID": 0,
        "total": 100.05126755253981
    }
}