{
    "counter": {
        "ACTIVE": 8155,
        "INACTIVE": 223,
        "INVALID": 0,
        "MALICIOUS": 0,
        "SANE": 0,
        "VALID": 0,
        "total": 8378
    },
    "percentage": {
        "ACTIVE": 97.34988659424614,
        "INACTIVE": 2.6617331105275723,
        "INVALID": 0,
        "MALICIOUS": 0,
        "SANE": 0,
        "VALID": 0,
        "total": 100.01161970477372
    }
}