{
    "counter": {
        "ACTIVE": 8194,
        "INACTIVE": 3,
        "INVALID": 0,
        "MALICIOUS": 0,
        "SANE": 0,
        "VALID": 0,
        "total": 8197
    },
    "percentage": {
        "ACTIVE": 99.9634012443577,
        "INACTIVE": 0.05014206919605549,
        "INVALID": 0,
        "MALICIOUS": 0,
        "SANE": 0,
        "VALID": 0,
        "total": 100.01354331355375
    }
}