{
    "counter": {
        "ACTIVE": 3546,
        "INACTIVE": 52,
        "INVALID": 0,
        "MALICIOUS": 0,
        "SANE": 0,
        "VALID": 0,
        "total": 3598
    },
    "percentage": {
        "ACTIVE": 98.58215179316096,
        "INACTIVE": 1.4452473596442468,
        "INVALID": 0,
        "MALICIOUS": 0,
        "SANE": 0,
        "VALID": 0,
        "total": 100.0273991528052
    }
}