{
    "counter": {
        "ACTIVE": 8323,
        "INACTIVE": 3,
        "INVALID": 0,
        "MALICIOUS": 0,
        "SANE": 0,
        "VALID": 0,
        "total": 8326
    },
    "percentage": {
        "ACTIVE": 99.96396829209705,
        "INACTIVE": 0.0591016548463357,
        "INVALID": 0,
        "MALICIOUS": 0,
        "SANE": 0,
        "VALID": 0,
        "total": 100.02306994694338
    }
}