{
    "counter": {
        "ACTIVE": 8263,
        "INACTIVE": 227,
        "INVALID": 0,
        "MALICIOUS": 0,
        "SANE": 0,
        "VALID": 0,
        "total": 8490
    },
    "percentage": {
        "ACTIVE": 97.33773118152904,
        "INACTIVE": 2.673733804475854,
        "INVALID": 0,
        "MALICIOUS": 0,
        "SANE": 0,
        "VALID": 0,
        "total": 100.0114649860049
    }
}