{
    "counter": {
        "ACTIVE": 5122,
        "INACTIVE": 72,
        "INVALID": 0,
        "MALICIOUS": 0,
        "SANE": 0,
        "VALID": 0,
        "total": 5194
    },
    "percentage": {
        "ACTIVE": 98.6137851366962,
        "INACTIVE": 1.3886210221793636,
        "INVALID": 0,
        "MALICIOUS": 0,
        "SANE": 0,
        "VALID": 0,
        "total": 100.00240615887556
    }
}