{
    "counter": {
        "ACTIVE": 8245,
        "INACTIVE": 4,
        "INVALID": 0,
        "MALICIOUS": 0,
        "SANE": 0,
        "VALID": 0,
        "total": 8249
    },
    "percentage": {
        "ACTIVE": 99.95150927385137,
        "INACTIVE": 0.05282620179609086,
        "INVALID": 0,
        "MALICIOUS": 0,
        "SANE": 0,
        "VALID": 0,
        "total": 100.00433547564747
    }
}