{
    "counter": {
        "ACTIVE": 8348,
        "INACTIVE": 4,
        "INVALID": 0,
        "MALICIOUS": 0,
        "SANE": 0,
        "VALID": 0,
        "total": 8352
    },
    "percentage": {
        "ACTIVE": 99.9521072796935,
        "INACTIVE": 0.05414918099363747,
        "INVALID": 0,
        "MALICIOUS": 0,
        "SANE": 0,
        "VALID": 0,
        "total": 100.00625646068713
    }
}