{
    "counter": {
        "ACTIVE": 4376,
        "INACTIVE": 60,
        "INVALID": 0,
        "MALICIOUS": 0,
        "SANE": 0,
        "VALID": 0,
        "total": 4436
    },
    "percentage": {
        "ACTIVE": 98.64743011722273,
        "INACTIVE": 1.3793103448275863,
        "INVALID": 0,
        "MALICIOUS": 0,
        "SANE": 0,
        "VALID": 0,
        "total": 100.02674046205031
    }
}