{
    "counter": {
        "ACTIVE": 70825,
        "INACTIVE": 263,
        "INVALID": 0,
        "MALICIOUS": 0,
        "SANE": 0,
        "VALID": 0,
        "total": 71088
    },
    "percentage": {
        "ACTIVE": 99.63003601170381,
        "INACTIVE": 0.3713535342125328,
        "INVALID": 0,
        "MALICIOUS": 0,
        "SANE": 0,
        "VALID": 0,
        "total": 100.00138954591634
    }
}