{
    "counter": {
        "ACTIVE": 8271,
        "INACTIVE": 6,
        "INVALID": 0,
        "MALICIOUS": 0,
        "SANE": 0,
        "VALID": 0,
        "total": 8277
    },
    "percentage": {
        "ACTIVE": 99.92750996737948,
        "INACTIVE": 0.08449514152936206,
        "INVALID": 0,
        "MALICIOUS": 0,
        "SANE": 0,
        "VALID": 0,
        "total": 100.01200510890884
    }
}