{
    "counter": {
        "ACTIVE": 7723,
        "INACTIVE": 3,
        "INVALID": 0,
        "MALICIOUS": 0,
        "SANE": 0,
        "VALID": 0,
        "total": 7726
    },
    "percentage": {
        "ACTIVE": 99.9611700750712,
        "INACTIVE": 0.040447620331670486,
        "INVALID": 0,
        "MALICIOUS": 0,
        "SANE": 0,
        "VALID": 0,
        "total": 100.00161769540287
    }
}