{
    "counter": {
        "ACTIVE": 8343,
        "INACTIVE": 8,
        "INVALID": 0,
        "MALICIOUS": 0,
        "SANE": 0,
        "VALID": 0,
        "total": 8351
    },
    "percentage": {
        "ACTIVE": 99.90420308945036,
        "INACTIVE": 0.1005656819610308,
        "INVALID": 0,
        "MALICIOUS": 0,
        "SANE": 0,
        "VALID": 0,
        "total": 100.00476877141139
    }
}