{
    "counter": {
        "ACTIVE": 5887,
        "INACTIVE": 106,
        "INVALID": 0,
        "MALICIOUS": 0,
        "SANE": 0,
        "VALID": 0,
        "total": 5993
    },
    "percentage": {
        "ACTIVE": 98.23126981478391,
        "INACTIVE": 1.7824112998150328,
        "INVALID": 0,
        "MALICIOUS": 0,
        "SANE": 0,
        "VALID": 0,
        "total": 100.01368111459895
    }
}