{
    "counter": {
        "ACTIVE": 8272,
        "INACTIVE": 4,
        "INVALID": 0,
        "MALICIOUS": 0,
        "SANE": 0,
        "VALID": 0,
        "total": 8276
    },
    "percentage": {
        "ACTIVE": 99.9516674722088,
        "INACTIVE": 0.056338028169014086,
        "INVALID": 0,
        "MALICIOUS": 0,
        "SANE": 0,
        "VALID": 0,
        "total": 100.0080055003778
    }
}