{
    "counter": {
        "ACTIVE": 2563,
        "INACTIVE": 1,
        "INVALID": 0,
        "MALICIOUS": 0,
        "SANE": 0,
        "VALID": 0,
        "total": 2564
    },
    "percentage": {
        "ACTIVE": 99.9609984399376,
        "INACTIVE": 0.07423904974016332,
        "INVALID": 0,
        "MALICIOUS": 0,
        "SANE": 0,
        "VALID": 0,
        "total": 100.03523748967775
    }
}