{
    "counter": {
        "ACTIVE": 8328,
        "INACTIVE": 4,
        "INVALID": 0,
        "MALICIOUS": 0,
        "SANE": 0,
        "VALID": 0,
        "total": 8332
    },
    "percentage": {
        "ACTIVE": 99.951992318771,
        "INACTIVE": 0.06711409395973154,
        "INVALID": 0,
        "MALICIOUS": 0,
        "SANE": 0,
        "VALID": 0,
        "total": 100.01910641273074
    }
}