{
    "counter": {
        "ACTIVE": 8356,
        "INACTIVE": 3,
        "INVALID": 0,
        "MALICIOUS": 0,
        "SANE": 0,
        "VALID": 0,
        "total": 8359
    },
    "percentage": {
        "ACTIVE": 99.96411053953823,
        "INACTIVE": 0.041090261607998904,
        "INVALID": 0,
        "MALICIOUS": 0,
        "SANE": 0,
        "VALID": 0,
        "total": 100.00520080114623
    }
}