{
    "counter": {
        "ACTIVE": 1613,
        "INACTIVE": 29,
        "INVALID": 0,
        "MALICIOUS": 0,
        "SANE": 0,
        "VALID": 0,
        "total": 1642
    },
    "percentage": {
        "ACTIVE": 98.2338611449452,
        "INACTIVE": 1.8471337579617835,
        "INVALID": 0,
        "MALICIOUS": 0,
        "SANE": 0,
        "VALID": 0,
        "total": 100.08099490290698
    }
}