{
    "counter": {
        "ACTIVE": 7948,
        "INACTIVE": 213,
        "INVALID": 0,
        "MALICIOUS": 0,
        "SANE": 0,
        "VALID": 0,
        "total": 8161
    },
    "percentage": {
        "ACTIVE": 97.39002573214067,
        "INACTIVE": 2.616386193342341,
        "INVALID": 0,
        "MALICIOUS": 0,
        "SANE": 0,
        "VALID": 0,
        "total": 100.00641192548301
    }
}