{
    "counter": {
        "ACTIVE": 6871,
        "INACTIVE": 157,
        "INVALID": 0,
        "MALICIOUS": 0,
        "SANE": 0,
        "VALID": 0,
        "total": 7028
    },
    "percentage": {
        "ACTIVE": 97.76607854297097,
        "INACTIVE": 2.2348754448398576,
        "INVALID": 0,
        "MALICIOUS": 0,
        "SANE": 0,
        "VALID": 0,
        "total": 100.00095398781083
    }
}