{
    "counter": {
        "ACTIVE": 2369,
        "INACTIVE": 34,
        "INVALID": 0,
        "MALICIOUS": 0,
        "SANE": 0,
        "VALID": 0,
        "total": 2403
    },
    "percentage": {
        "ACTIVE": 98.58510195588848,
        "INACTIVE": 1.7302798982188294,
        "INVALID": 0,
        "MALICIOUS": 0,
        "SANE": 0,
        "VALID": 0,
        "total": 100.3153818541073
    }
}