{
    "counter": {
        "ACTIVE": 3318,
        "INACTIVE": 50,
        "INVALID": 0,
        "MALICIOUS": 0,
        "SANE": 0,
        "VALID": 0,
        "total": 3368
    },
    "percentage": {
        "ACTIVE": 98.51543942992875,
        "INACTIVE": 1.5096618357487923,
        "INVALID": 0,
        "MALICIOUS": 0,
        "SANE": 0,
        "VALID": 0,
        "total": 100.02510126567753
    }
}