{
    "counter": {
        "ACTIVE": 5729,
        "INACTIVE": 100,
        "INVALID": 0,
        "MALICIOUS": 0,
        "SANE": 0,
        "VALID": 0,
        "total": 5829
    },
    "percentage": {
        "ACTIVE": 98.28443986961743,
        "INACTIVE": 1.7190991920233798,
        "INVALID": 0,
        "MALICIOUS": 0,
        "SANE": 0,
        "VALID": 0,
        "total": 100.00353906164081
    }
}