{
    "counter": {
        "ACTIVE": 6918,
        "INACTIVE": 163,
        "INVALID": 0,
        "MALICIOUS": 0,
        "SANE": 0,
        "VALID": 0,
        "total": 7081
    },
    "percentage": {
        "ACTIVE": 97.6980652450219,
        "INACTIVE": 2.3025851108913686,
        "INVALID": 0,
        "MALICIOUS": 0,
        "SANE": 0,
        "VALID": 0,
        "total": 100.00065035591327
    }
}