{
    "counter": {
        "ACTIVE": 8190,
        "INACTIVE": 225,
        "INVALID": 0,
        "MALICIOUS": 0,
        "SANE": 0,
        "VALID": 0,
        "total": 8415
    },
    "percentage": {
        "ACTIVE": 97.32620320855615,
        "INACTIVE": 2.6833631484794274,
        "INVALID": 0,
        "MALICIOUS": 0,
        "SANE": 0,
        "VALID": 0,
        "total": 100.00956635703558
    }
}