{
    "counter": {
        "ACTIVE": 7549,
        "INACTIVE": 199,
        "INVALID": 0,
        "MALICIOUS": 0,
        "SANE": 0,
        "VALID": 0,
        "total": 7748
    },
    "percentage": {
        "ACTIVE": 97.43159525038719,
        "INACTIVE": 2.5713916526683036,
        "INVALID": 0,
        "MALICIOUS": 0,
        "SANE": 0,
        "VALID": 0,
        "total": 100.0029869030555
    }
}