{
    "counter": {
        "ACTIVE": 11846,
        "INACTIVE": 85,
        "INVALID": 0,
        "MALICIOUS": 0,
        "SANE": 0,
        "VALID": 0,
        "total": 11931
    },
    "percentage": {
        "ACTIVE": 99.28757019528958,
        "INACTIVE": 0.9209100758396533,
        "INVALID": 0,
        "MALICIOUS": 0,
        "SANE": 0,
        "VALID": 0,
        "total": 100.20848027112923
    }
}