{
    "counter": {
        "ACTIVE": 1453,
        "INACTIVE": 26,
        "INVALID": 0,
        "MALICIOUS": 0,
        "SANE": 0,
        "VALID": 0,
        "total": 1479
    },
    "percentage": {
        "ACTIVE": 98.2420554428668,
        "INACTIVE": 1.8400566171266808,
        "INVALID": 0,
        "MALICIOUS": 0,
        "SANE": 0,
        "VALID": 0,
        "total": 100.08211205999348
    }
}