{
    "counter": {
        "ACTIVE": 8360,
        "INACTIVE": 3,
        "INVALID": 0,
        "MALICIOUS": 0,
        "SANE": 0,
        "VALID": 0,
        "total": 8363
    },
    "percentage": {
        "ACTIVE": 99.96412770536888,
        "INACTIVE": 0.04107900862659181,
        "INVALID": 0,
        "MALICIOUS": 0,
        "SANE": 0,
        "VALID": 0,
        "total": 100.00520671399548
    }
}