{
    "counter": {
        "ACTIVE": 8192,
        "INACTIVE": 3,
        "INVALID": 0,
        "MALICIOUS": 0,
        "SANE": 0,
        "VALID": 0,
        "total": 8195
    },
    "percentage": {
        "ACTIVE": 99.96339231238561,
        "INACTIVE": 0.045228403437358664,
        "INVALID": 0,
        "MALICIOUS": 0,
        "SANE": 0,
        "VALID": 0,
        "total": 100.00862071582297
    }
}