{
    "counter": {
        "ACTIVE": 8272,
        "INACTIVE": 5,
        "INVALID": 0,
        "MALICIOUS": 0,
        "SANE": 0,
        "VALID": 0,
        "total": 8277
    },
    "percentage": {
        "ACTIVE": 99.9395916394829,
        "INACTIVE": 0.07041261794113506,
        "INVALID": 0,
        "MALICIOUS": 0,
        "SANE": 0,
        "VALID": 0,
        "total": 100.01000425742403
    }
}