{
    "counter": {
        "ACTIVE": 8340,
        "INACTIVE": 7,
        "INVALID": 0,
        "MALICIOUS": 0,
        "SANE": 0,
        "VALID": 0,
        "total": 8347
    },
    "percentage": {
        "ACTIVE": 99.91613753444351,
        "INACTIVE": 0.09105098855359,
        "INVALID": 0,
        "MALICIOUS": 0,
        "SANE": 0,
        "VALID": 0,
        "total": 100.0071885229971
    }
}