{
    "counter": {
        "ACTIVE": 6233,
        "INACTIVE": 123,
        "INVALID": 0,
        "MALICIOUS": 0,
        "SANE": 0,
        "VALID": 0,
        "total": 6356
    },
    "percentage": {
        "ACTIVE": 98.06482064191316,
        "INACTIVE": 1.9388398486759142,
        "INVALID": 0,
        "MALICIOUS": 0,
        "SANE": 0,
        "VALID": 0,
        "total": 100.00366049058907
    }
}