{
    "counter": {
        "ACTIVE": 7750,
        "INACTIVE": 210,
        "INVALID": 0,
        "MALICIOUS": 0,
        "SANE": 0,
        "VALID": 0,
        "total": 7960
    },
    "percentage": {
        "ACTIVE": 97.36180904522612,
        "INACTIVE": 2.6395173453996983,
        "INVALID": 0,
        "MALICIOUS": 0,
        "SANE": 0,
        "VALID": 0,
        "total": 100.00132639062582
    }
}