{
    "counter": {
        "ACTIVE": 6716,
        "INACTIVE": 146,
        "INVALID": 0,
        "MALICIOUS": 0,
        "SANE": 0,
        "VALID": 0,
        "total": 6862
    },
    "percentage": {
        "ACTIVE": 97.88660545110042,
        "INACTIVE": 2.127659574468085,
        "INVALID": 0,
        "MALICIOUS": 0,
        "SANE": 0,
        "VALID": 0,
        "total": 100.0142650255685
    }
}