{
    "counter": {
        "ACTIVE": 7748,
        "INACTIVE": 2,
        "INVALID": 0,
        "MALICIOUS": 0,
        "SANE": 0,
        "VALID": 0,
        "total": 7750
    },
    "percentage": {
        "ACTIVE": 99.97419354838709,
        "INACTIVE": 0.03345040976751965,
        "INVALID": 0,
        "MALICIOUS": 0,
        "SANE": 0,
        "VALID": 0,
        "total": 100.00764395815462
    }
}