{
    "counter": {
        "ACTIVE": 2737,
        "INACTIVE": 42,
        "INVALID": 0,
        "MALICIOUS": 0,
        "SANE": 0,
        "VALID": 0,
        "total": 2779
    },
    "percentage": {
        "ACTIVE": 98.48866498740554,
        "INACTIVE": 1.532846715328467,
        "INVALID": 0,
        "MALICIOUS": 0,
        "SANE": 0,
        "VALID": 0,
        "total": 100.021511702734
    }
}