{
    "counter": {
        "ACTIVE": 8346,
        "INACTIVE": 6,
        "INVALID": 0,
        "MALICIOUS": 0,
        "SANE": 0,
        "VALID": 0,
        "total": 8352
    },
    "percentage": {
        "ACTIVE": 99.92816091954023,
        "INACTIVE": 0.0812237714904562,
        "INVALID": 0,
        "MALICIOUS": 0,
        "SANE": 0,
        "VALID": 0,
        "total": 100.00938469103069
    }
}