{
    "counter": {
        "ACTIVE": 5475,
        "INACTIVE": 88,
        "INVALID": 0,
        "MALICIOUS": 0,
        "SANE": 0,
        "VALID": 0,
        "total": 5563
    },
    "percentage": {
        "ACTIVE": 98.41811971957577,
        "INACTIVE": 1.5838732901367891,
        "INVALID": 0,
        "MALICIOUS": 0,
        "SANE": 0,
        "VALID": 0,
        "total": 100.00199300971256
    }
}