{
    "counter": {
        "ACTIVE": 8244,
        "INACTIVE": 4,
        "INVALID": 0,
        "MALICIOUS": 0,
        "SANE": 0,
        "VALID": 0,
        "total": 8248
    },
    "percentage": {
        "ACTIVE": 99.95150339476237,
        "INACTIVE": 0.05283317923656056,
        "INVALID": 0,
        "MALICIOUS": 0,
        "SANE": 0,
        "VALID": 0,
        "total": 100.00433657399893
    }
}