{
    "counter": {
        "ACTIVE": 6467,
        "INACTIVE": 133,
        "INVALID": 0,
        "MALICIOUS": 0,
        "SANE": 0,
        "VALID": 0,
        "total": 6600
    },
    "percentage": {
        "ACTIVE": 97.98484848484848,
        "INACTIVE": 2.0175970873786406,
        "INVALID": 0,
        "MALICIOUS": 0,
        "SANE": 0,
        "VALID": 0,
        "total": 100.00244557222713
    }
}