{
    "counter": {
        "ACTIVE": 4971,
        "INACTIVE": 69,
        "INVALID": 0,
        "MALICIOUS": 0,
        "SANE": 0,
        "VALID": 0,
        "total": 5040
    },
    "percentage": {
        "ACTIVE": 98.65052589799564,
        "INACTIVE": 1.369047619047619,
        "INVALID": 0,
        "MALICIOUS": 0,
        "SANE": 0,
        "VALID": 0,
        "total": 100.01957351704326
    }
}