{
    "counter": {
        "ACTIVE": 6208,
        "INACTIVE": 122,
        "INVALID": 0,
        "MALICIOUS": 0,
        "SANE": 0,
        "VALID": 0,
        "total": 6330
    },
    "percentage": {
        "ACTIVE": 98.07266982622433,
        "INACTIVE": 1.9288537549407114,
        "INVALID": 0,
        "MALICIOUS": 0,
        "SANE": 0,
        "VALID": 0,
        "total": 100.00152358116505
    }
}