{
    "counter": {
        "ACTIVE": 8437,
        "INACTIVE": 84,
        "INVALID": 0,
        "MALICIOUS": 0,
        "SANE": 0,
        "VALID": 0,
        "total": 8521
    },
    "percentage": {
        "ACTIVE": 99.01420021124281,
        "INACTIVE": 1.127365454301436,
        "INVALID": 0,
        "MALICIOUS": 0,
        "SANE": 0,
        "VALID": 0,
        "total": 100.14156566554425
    }
}