{
    "counter": {
        "ACTIVE": 7452,
        "INACTIVE": 191,
        "INVALID": 0,
        "MALICIOUS": 0,
        "SANE": 0,
        "VALID": 0,
        "total": 7643
    },
    "percentage": {
        "ACTIVE": 97.50098129006935,
        "INACTIVE": 2.504261177396093,
        "INVALID": 0,
        "MALICIOUS": 0,
        "SANE": 0,
        "VALID": 0,
        "total": 100.00524246746544
    }
}