{
    "counter": {
        "ACTIVE": 16438,
        "INACTIVE": 3,
        "INVALID": 0,
        "MALICIOUS": 0,
        "SANE": 0,
        "VALID": 0,
        "total": 16441
    },
    "percentage": {
        "ACTIVE": 99.98175293473633,
        "INACTIVE": 0.020060180541624874,
        "INVALID": 0,
        "MALICIOUS": 0,
        "SANE": 0,
        "VALID": 0,
        "total": 100.00181311527795
    }
}