{
    "counter": {
        "ACTIVE": 2956,
        "INACTIVE": 6,
        "INVALID": 0,
        "MALICIOUS": 0,
        "SANE": 0,
        "VALID": 0,
        "total": 2962
    },
    "percentage": {
        "ACTIVE": 99.79743416610398,
        "INACTIVE": 0.2029083530605343,
        "INVALID": 0,
        "MALICIOUS": 0,
        "SANE": 0,
        "VALID": 0,
        "total": 100.00034251916452
    }
}