{
    "counter": {
        "ACTIVE": 2223,
        "INACTIVE": 4,
        "INVALID": 0,
        "MALICIOUS": 0,
        "SANE": 0,
        "VALID": 0,
        "total": 2227
    },
    "percentage": {
        "ACTIVE": 99.82038616973507,
        "INACTIVE": 0.18026137899954936,
        "INVALID": 0,
        "MALICIOUS": 0,
        "SANE": 0,
        "VALID": 0,
        "total": 100.00064754873462
    }
}