{
    "counter": {
        "ACTIVE": 1491,
        "INACTIVE": 2,
        "INVALID": 0,
        "MALICIOUS": 0,
        "SANE": 0,
        "VALID": 0,
        "total": 1493
    },
    "percentage": {
        "ACTIVE": 99.8660415271266,
        "INACTIVE": 0.17167381974248927,
        "INVALID": 0,
        "MALICIOUS": 0,
        "SANE": 0,
        "VALID": 0,
        "total": 100.03771534686909
    }
}