{
    "counter": {
        "ACTIVE": 3689,
        "INACTIVE": 8,
        "INVALID": 0,
        "MALICIOUS": 0,
        "SANE": 0,
        "VALID": 0,
        "total": 3697
    },
    "percentage": {
        "ACTIVE": 99.78360833107925,
        "INACTIVE": 0.21780560849441874,
        "INVALID": 0,
        "MALICIOUS": 0,
        "SANE": 0,
        "VALID": 0,
        "total": 100.00141393957367
    }
}