{
    "counter": {
        "ACTIVE": 145353,
        "INACTIVE": 415,
        "INVALID": 0,
        "MALICIOUS": 0,
        "SANE": 0,
        "VALID": 0,
        "total": 145768
    },
    "percentage": {
        "ACTIVE": 99.71530102628834,
        "INACTIVE": 0.2853155314775219,
        "INVALID": 0,
        "MALICIOUS": 0,
        "SANE": 0,
        "VALID": 0,
        "total": 100.00061655776587
    }
}