{
    "counter": {
        "ACTIVE": 952,
        "INACTIVE": 2,
        "INVALID": 0,
        "MALICIOUS": 0,
        "SANE": 0,
        "VALID": 0,
        "total": 954
    },
    "percentage": {
        "ACTIVE": 99.79035639412997,
        "INACTIVE": 0.24813895781637718,
        "INVALID": 0,
        "MALICIOUS": 0,
        "SANE": 0,
        "VALID": 0,
        "total": 100.03849535194635
    }
}