{
    "counter": {
        "ACTIVE": 971,
        "INACTIVE": 1,
        "INVALID": 0,
        "MALICIOUS": 0,
        "SANE": 0,
        "VALID": 0,
        "total": 972
    },
    "percentage": {
        "ACTIVE": 99.89711934156378,
        "INACTIVE": 2.4390243902439024,
        "INVALID": 0,
        "MALICIOUS": 0,
        "SANE": 0,
        "VALID": 0,
        "total": 102.33614373180768
    }
}