{
    "counter": {
        "ACTIVE": 954,
        "INACTIVE": 4,
        "INVALID": 0,
        "MALICIOUS": 0,
        "SANE": 0,
        "VALID": 0,
        "total": 958
    },
    "percentage": {
        "ACTIVE": 99.58246346555323,
        "INACTIVE": 0.42598509052183176,
        "INVALID": 0,
        "MALICIOUS": 0,
        "SANE": 0,
        "VALID": 0,
        "total": 100.00844855607507
    }
}