{
    "counter": {
        "ACTIVE": 952,
        "INACTIVE": 1,
        "INVALID": 0,
        "MALICIOUS": 0,
        "SANE": 0,
        "VALID": 0,
        "total": 953
    },
    "percentage": {
        "ACTIVE": 99.89506820566632,
        "INACTIVE": 1.36986301369863,
        "INVALID": 0,
        "MALICIOUS": 0,
        "SANE": 0,
        "VALID": 0,
        "total": 101.26493121936495
    }
}