{
    "counter": {
        "ACTIVE": 953,
        "INACTIVE": 2,
        "INVALID": 0,
        "MALICIOUS": 0,
        "SANE": 0,
        "VALID": 0,
        "total": 955
    },
    "percentage": {
        "ACTIVE": 99.79057591623037,
        "INACTIVE": 0.3883495145631068,
        "INVALID": 0,
        "MALICIOUS": 0,
        "SANE": 0,
        "VALID": 0,
        "total": 100.17892543079347
    }
}