{
    "counter": {
        "ACTIVE": 136,
        "INACTIVE": 3,
        "INVALID": 0,
        "MALICIOUS": 0,
        "SANE": 0,
        "VALID": 0,
        "total": 139
    },
    "percentage": {
        "ACTIVE": 97.84172661870504,
        "INACTIVE": 2.2058823529411766,
        "INVALID": 0,
        "MALICIOUS": 0,
        "SANE": 0,
        "VALID": 0,
        "total": 100.04760897164621
    }
}