{
    "counter": {
        "ACTIVE": 968,
        "INACTIVE": 6,
        "INVALID": 0,
        "MALICIOUS": 0,
        "SANE": 0,
        "VALID": 0,
        "total": 974
    },
    "percentage": {
        "ACTIVE": 99.38398357289527,
        "INACTIVE": 0.6451612903225806,
        "INVALID": 0,
        "MALICIOUS": 0,
        "SANE": 0,
        "VALID": 0,
        "total": 100.02914486321785
    }
}