{
    "counter": {
        "ACTIVE": 2815,
        "INACTIVE": 22,
        "INVALID": 0,
        "MALICIOUS": 0,
        "SANE": 0,
        "VALID": 0,
        "total": 2837
    },
    "percentage": {
        "ACTIVE": 99.22453295734931,
        "INACTIVE": 0.8088235294117647,
        "INVALID": 0,
        "MALICIOUS": 0,
        "SANE": 0,
        "VALID": 0,
        "total": 100.03335648676108
    }
}