{
    "counter": {
        "ACTIVE": 966,
        "INACTIVE": 3,
        "INVALID": 0,
        "MALICIOUS": 0,
        "SANE": 0,
        "VALID": 0,
        "total": 969
    },
    "percentage": {
        "ACTIVE": 99.69040247678019,
        "INACTIVE": 0.34843205574912894,
        "INVALID": 0,
        "MALICIOUS": 0,
        "SANE": 0,
        "VALID": 0,
        "total": 100.03883453252932
    }
}