{
    "counter": {
        "ACTIVE": 973,
        "INACTIVE": 1,
        "INVALID": 0,
        "MALICIOUS": 0,
        "SANE": 0,
        "VALID": 0,
        "total": 974
    },
    "percentage": {
        "ACTIVE": 99.89733059548254,
        "INACTIVE": 0.45662100456621,
        "INVALID": 0,
        "MALICIOUS": 0,
        "SANE": 0,
        "VALID": 0,
        "total": 100.35395160004876
    }
}