{
    "counter": {
        "ACTIVE": 960,
        "INACTIVE": 1,
        "INVALID": 0,
        "MALICIOUS": 0,
        "SANE": 0,
        "VALID": 0,
        "total": 961
    },
    "percentage": {
        "ACTIVE": 99.89594172736733,
        "INACTIVE": 0.9615384615384616,
        "INVALID": 0,
        "MALICIOUS": 0,
        "SANE": 0,
        "VALID": 0,
        "total": 100.8574801889058
    }
}