{
    "counter": {
        "ACTIVE": 964,
        "INACTIVE": 2,
        "INVALID": 0,
        "MALICIOUS": 0,
        "SANE": 0,
        "VALID": 0,
        "total": 966
    },
    "percentage": {
        "ACTIVE": 99.79296066252589,
        "INACTIVE": 0.34843205574912894,
        "INVALID": 0,
        "MALICIOUS": 0,
        "SANE": 0,
        "VALID": 0,
        "total": 100.14139271827501
    }
}