{
    "counter": {
        "ACTIVE": 969,
        "INACTIVE": 4,
        "INVALID": 0,
        "MALICIOUS": 0,
        "SANE": 0,
        "VALID": 0,
        "total": 973
    },
    "percentage": {
        "ACTIVE": 99.58890030832477,
        "INACTIVE": 0.46296296296296297,
        "INVALID": 0,
        "MALICIOUS": 0,
        "SANE": 0,
        "VALID": 0,
        "total": 100.05186327128773
    }
}