{
    "counter": {
        "ACTIVE": 930,
        "INACTIVE": 11,
        "INVALID": 0,
        "MALICIOUS": 0,
        "SANE": 0,
        "VALID": 0,
        "total": 941
    },
    "percentage": {
        "ACTIVE": 98.83103081827842,
        "INACTIVE": 1.2600229095074456,
        "INVALID": 0,
        "MALICIOUS": 0,
        "SANE": 0,
        "VALID": 0,
        "total": 100.09105372778586
    }
}