{
    "counter": {
        "ACTIVE": 970,
        "INACTIVE": 4,
        "INVALID": 0,
        "MALICIOUS": 0,
        "SANE": 0,
        "VALID": 0,
        "total": 974
    },
    "percentage": {
        "ACTIVE": 99.58932238193019,
        "INACTIVE": 0.5228758169934641,
        "INVALID": 0,
        "MALICIOUS": 0,
        "SANE": 0,
        "VALID": 0,
        "total": 100.11219819892365
    }
}