{
    "counter": {
        "ACTIVE": 958,
        "INACTIVE": 2,
        "INVALID": 0,
        "MALICIOUS": 0,
        "SANE": 0,
        "VALID": 0,
        "total": 960
    },
    "percentage": {
        "ACTIVE": 99.79166666666667,
        "INACTIVE": 0.21321961620469082,
        "INVALID": 0,
        "MALICIOUS": 0,
        "SANE": 0,
        "VALID": 0,
        "total": 100.00488628287137
    }
}