{
    "counter": {
        "ACTIVE": 1023,
        "INACTIVE": 5,
        "INVALID": 0,
        "MALICIOUS": 0,
        "SANE": 0,
        "VALID": 0,
        "total": 1028
    },
    "percentage": {
        "ACTIVE": 99.5136186770428,
        "INACTIVE": 0.49358341559723595,
        "INVALID": 0,
        "MALICIOUS": 0,
        "SANE": 0,
        "VALID": 0,
        "total": 100.00720209264004
    }
}