{
    "counter": {
        "ACTIVE": 278,
        "INACTIVE": 1,
        "INVALID": 0,
        "MALICIOUS": 0,
        "SANE": 0,
        "VALID": 0,
        "total": 279
    },
    "percentage": {
        "ACTIVE": 99.6415770609319,
        "INACTIVE": 0.45662100456621,
        "INVALID": 0,
        "MALICIOUS": 0,
        "SANE": 0,
        "VALID": 0,
        "total": 100.09819806549811
    }
}