{
    "counter": {
        "ACTIVE": 947,
        "INACTIVE": 1,
        "INVALID": 0,
        "MALICIOUS": 0,
        "SANE": 0,
        "VALID": 0,
        "total": 948
    },
    "percentage": {
        "ACTIVE": 99.89451476793249,
        "INACTIVE": 0.5813953488372093,
        "INVALID": 0,
        "MALICIOUS": 0,
        "SANE": 0,
        "VALID": 0,
        "total": 100.4759101167697
    }
}