{
    "counter": {
        "ACTIVE": 3695,
        "INACTIVE": 40,
        "INVALID": 0,
        "MALICIOUS": 0,
        "SANE": 0,
        "VALID": 0,
        "total": 3735
    },
    "percentage": {
        "ACTIVE": 98.9820519689258,
        "INACTIVE": 1.07095046854083,
        "INVALID": 0,
        "MALICIOUS": 0,
        "SANE": 0,
        "VALID": 0,
        "total": 100.05300243746663
    }
}