{
    "counter": {
        "ACTIVE": 953,
        "INACTIVE": 1,
        "INVALID": 0,
        "MALICIOUS": 0,
        "SANE": 0,
        "VALID": 0,
        "total": 954
    },
    "percentage": {
        "ACTIVE": 99.895178197065,
        "INACTIVE": 0.12406947890818859,
        "INVALID": 0,
        "MALICIOUS": 0,
        "SANE": 0,
        "VALID": 0,
        "total": 100.01924767597318
    }
}