{
    "counter": {
        "ACTIVE": 971,
        "INACTIVE": 3,
        "INVALID": 0,
        "MALICIOUS": 0,
        "SANE": 0,
        "VALID": 0,
        "total": 974
    },
    "percentage": {
        "ACTIVE": 99.69199178644764,
        "INACTIVE": 0.45385779122541603,
        "INVALID": 0,
        "MALICIOUS": 0,
        "SANE": 0,
        "VALID": 0,
        "total": 100.14584957767306
    }
}