{
    "counter": {
        "ACTIVE": 1891,
        "INACTIVE": 20,
        "INVALID": 0,
        "MALICIOUS": 0,
        "SANE": 0,
        "VALID": 0,
        "total": 1911
    },
    "percentage": {
        "ACTIVE": 99.00523560209425,
        "INACTIVE": 1.0465724751439036,
        "INVALID": 0,
        "MALICIOUS": 0,
        "SANE": 0,
        "VALID": 0,
        "total": 100.05180807723815
    }
}