{
    "counter": {
        "ACTIVE": 4572,
        "INACTIVE": 42,
        "INVALID": 0,
        "MALICIOUS": 0,
        "SANE": 0,
        "VALID": 0,
        "total": 4614
    },
    "percentage": {
        "ACTIVE": 99.08972691807543,
        "INACTIVE": 0.9504412763068567,
        "INVALID": 0,
        "MALICIOUS": 0,
        "SANE": 0,
        "VALID": 0,
        "total": 100.04016819438229
    }
}