{
    "counter": {
        "ACTIVE": 402,
        "INACTIVE": 1,
        "INVALID": 0,
        "MALICIOUS": 0,
        "SANE": 0,
        "VALID": 0,
        "total": 403
    },
    "percentage": {
        "ACTIVE": 99.75186104218362,
        "INACTIVE": 0.45662100456621,
        "INVALID": 0,
        "MALICIOUS": 0,
        "SANE": 0,
        "VALID": 0,
        "total": 100.20848204674984
    }
}