{
    "counter": {
        "ACTIVE": 956,
        "INACTIVE": 5,
        "INVALID": 0,
        "MALICIOUS": 0,
        "SANE": 0,
        "VALID": 0,
        "total": 961
    },
    "percentage": {
        "ACTIVE": 99.47970863683663,
        "INACTIVE": 0.576036866359447,
        "INVALID": 0,
        "MALICIOUS": 0,
        "SANE": 0,
        "VALID": 0,
        "total": 100.05574550319608
    }
}