{
    "counter": {
        "ACTIVE": 11632,
        "INACTIVE": 2,
        "INVALID": 0,
        "MALICIOUS": 0,
        "SANE": 0,
        "VALID": 0,
        "total": 11634
    },
    "percentage": {
        "ACTIVE": 99.98280900807977,
        "INACTIVE": 0.021285653469561516,
        "INVALID": 0,
        "MALICIOUS": 0,
        "SANE": 0,
        "VALID": 0,
        "total": 100.00409466154933
    }
}