{
    "counter": {
        "ACTIVE": 13932,
        "INACTIVE": 1,
        "INVALID": 0,
        "MALICIOUS": 0,
        "SANE": 0,
        "VALID": 0,
        "total": 13933
    },
    "percentage": {
        "ACTIVE": 99.9928227948037,
        "INACTIVE": 0.01013273887931908,
        "INVALID": 0,
        "MALICIOUS": 0,
        "SANE": 0,
        "VALID": 0,
        "total": 100.00295553368302
    }
}