{
    "counter": {
        "ACTIVE": 12817,
        "INACTIVE": 2,
        "INVALID": 0,
        "MALICIOUS": 0,
        "SANE": 0,
        "VALID": 0,
        "total": 12819
    },
    "percentage": {
        "ACTIVE": 99.98439815898276,
        "INACTIVE": 0.018851918182675086,
        "INVALID": 0,
        "MALICIOUS": 0,
        "SANE": 0,
        "VALID": 0,
        "total": 100.00325007716543
    }
}