{
    "counter": {
        "ACTIVE": 8265,
        "INACTIVE": 225,
        "INVALID": 0,
        "MALICIOUS": 0,
        "SANE": 0,
        "VALID": 0,
        "total": 8490
    },
    "percentage": {
        "ACTIVE": 97.34982332155477,
        "INACTIVE": 2.6558073654390935,
        "INVALID": 0,
        "MALICIOUS": 0,
        "SANE": 0,
        "VALID": 0,
        "total": 100.00563068699385
    }
}