{
    "counter": {
        "ACTIVE": 27213,
        "INACTIVE": 8,
        "INVALID": 0,
        "MALICIOUS": 0,
        "SANE": 0,
        "VALID": 0,
        "total": 27221
    },
    "percentage": {
        "ACTIVE": 99.97061092538848,
        "INACTIVE": 0.03002101471029721,
        "INVALID": 0,
        "MALICIOUS": 0,
        "SANE": 0,
        "VALID": 0,
        "total": 100.00063194009878
    }
}