{
    "counter": {
        "ACTIVE": 25516,
        "INACTIVE": 6,
        "INVALID": 0,
        "MALICIOUS": 0,
        "SANE": 0,
        "VALID": 0,
        "total": 25522
    },
    "percentage": {
        "ACTIVE": 99.97649087062142,
        "INACTIVE": 0.024356580336120807,
        "INVALID": 0,
        "MALICIOUS": 0,
        "SANE": 0,
        "VALID": 0,
        "total": 100.00084745095754
    }
}