{
    "counter": {
        "ACTIVE": 13001,
        "INACTIVE": 4,
        "INVALID": 0,
        "MALICIOUS": 0,
        "SANE": 0,
        "VALID": 0,
        "total": 13005
    },
    "percentage": {
        "ACTIVE": 99.96924259900038,
        "INACTIVE": 0.03464103230276262,
        "INVALID": 0,
        "MALICIOUS": 0,
        "SANE": 0,
        "VALID": 0,
        "total": 100.00388363130314
    }
}