{
    "counter": {
        "ACTIVE": 6992,
        "INACTIVE": 169,
        "INVALID": 0,
        "MALICIOUS": 0,
        "SANE": 0,
        "VALID": 0,
        "total": 7161
    },
    "percentage": {
        "ACTIVE": 97.63999441418797,
        "INACTIVE": 2.4485656331498116,
        "INVALID": 0,
        "MALICIOUS": 0,
        "SANE": 0,
        "VALID": 0,
        "total": 100.08856004733778
    }
}