{
    "counter": {
        "ACTIVE": 14045,
        "INACTIVE": 5,
        "INVALID": 0,
        "MALICIOUS": 0,
        "SANE": 0,
        "VALID": 0,
        "total": 14050
    },
    "percentage": {
        "ACTIVE": 99.9644128113879,
        "INACTIVE": 0.04596010662744737,
        "INVALID": 0,
        "MALICIOUS": 0,
        "SANE": 0,
        "VALID": 0,
        "total": 100.01037291801535
    }
}