{
    "counter": {
        "ACTIVE": 7018,
        "INACTIVE": 169,
        "INVALID": 0,
        "MALICIOUS": 0,
        "SANE": 0,
        "VALID": 0,
        "total": 7187
    },
    "percentage": {
        "ACTIVE": 97.6485320717963,
        "INACTIVE": 2.4485656331498116,
        "INVALID": 0,
        "MALICIOUS": 0,
        "SANE": 0,
        "VALID": 0,
        "total": 100.09709770494611
    }
}