{
    "counter": {
        "ACTIVE": 27181,
        "INACTIVE": 9,
        "INVALID": 0,
        "MALICIOUS": 0,
        "SANE": 0,
        "VALID": 0,
        "total": 27190
    },
    "percentage": {
        "ACTIVE": 99.9668995954395,
        "INACTIVE": 0.03377364154908436,
        "INVALID": 0,
        "MALICIOUS": 0,
        "SANE": 0,
        "VALID": 0,
        "total": 100.00067323698859
    }
}