{
    "counter": {
        "ACTIVE": 13719,
        "INACTIVE": 1,
        "INVALID": 0,
        "MALICIOUS": 0,
        "SANE": 0,
        "VALID": 0,
        "total": 13720
    },
    "percentage": {
        "ACTIVE": 99.99271137026238,
        "INACTIVE": 0.010285949393128985,
        "INVALID": 0,
        "MALICIOUS": 0,
        "SANE": 0,
        "VALID": 0,
        "total": 100.0029973196555
    }
}