{
    "counter": {
        "ACTIVE": 8099,
        "INACTIVE": 219,
        "INVALID": 0,
        "MALICIOUS": 0,
        "SANE": 0,
        "VALID": 0,
        "total": 8318
    },
    "percentage": {
        "ACTIVE": 97.36715556624189,
        "INACTIVE": 2.6433313216656606,
        "INVALID": 0,
        "MALICIOUS": 0,
        "SANE": 0,
        "VALID": 0,
        "total": 100.01048688790755
    }
}