{
    "counter": {
        "ACTIVE": 13545,
        "INACTIVE": 2,
        "INVALID": 0,
        "MALICIOUS": 0,
        "SANE": 0,
        "VALID": 0,
        "total": 13547
    },
    "percentage": {
        "ACTIVE": 99.98523658374548,
        "INACTIVE": 0.017329520838748808,
        "INVALID": 0,
        "MALICIOUS": 0,
        "SANE": 0,
        "VALID": 0,
        "total": 100.00256610458422
    }
}