{
    "counter": {
        "ACTIVE": 13229,
        "INACTIVE": 1,
        "INVALID": 0,
        "MALICIOUS": 0,
        "SANE": 0,
        "VALID": 0,
        "total": 13230
    },
    "percentage": {
        "ACTIVE": 99.99244142101286,
        "INACTIVE": 0.008664760419374404,
        "INVALID": 0,
        "MALICIOUS": 0,
        "SANE": 0,
        "VALID": 0,
        "total": 100.00110618143223
    }
}