{
    "counter": {
        "ACTIVE": 7987,
        "INACTIVE": 215,
        "INVALID": 0,
        "MALICIOUS": 0,
        "SANE": 0,
        "VALID": 0,
        "total": 8202
    },
    "percentage": {
        "ACTIVE": 97.3786881248476,
        "INACTIVE": 2.6219512195121952,
        "INVALID": 0,
        "MALICIOUS": 0,
        "SANE": 0,
        "VALID": 0,
        "total": 100.0006393443598
    }
}