{
    "counter": {
        "ACTIVE": 433,
        "INACTIVE": 10,
        "INVALID": 0,
        "MALICIOUS": 0,
        "SANE": 0,
        "VALID": 0,
        "total": 443
    },
    "percentage": {
        "ACTIVE": 97.96380090497738,
        "INACTIVE": 2.2573363431151243,
        "INVALID": 0,
        "MALICIOUS": 0,
        "SANE": 0,
        "VALID": 0,
        "total": 100.2211372480925
    }
}