{
    "counter": {
        "ACTIVE": 1867,
        "INACTIVE": 44,
        "INVALID": 0,
        "MALICIOUS": 0,
        "SANE": 0,
        "VALID": 0,
        "total": 1911
    },
    "percentage": {
        "ACTIVE": 97.69754055468341,
        "INACTIVE": 2.3157894736842106,
        "INVALID": 0,
        "MALICIOUS": 0,
        "SANE": 0,
        "VALID": 0,
        "total": 100.01333002836762
    }
}