{
    "counter": {
        "ACTIVE": 12467,
        "INACTIVE": 1,
        "INVALID": 0,
        "MALICIOUS": 0,
        "SANE": 0,
        "VALID": 0,
        "total": 12468
    },
    "percentage": {
        "ACTIVE": 99.99197946743664,
        "INACTIVE": 0.00862961684501208,
        "INVALID": 0,
        "MALICIOUS": 0,
        "SANE": 0,
        "VALID": 0,
        "total": 100.00060908428165
    }
}