{
    "counter": {
        "ACTIVE": 14616,
        "INACTIVE": 27,
        "INVALID": 0,
        "MALICIOUS": 0,
        "SANE": 0,
        "VALID": 0,
        "total": 14643
    },
    "percentage": {
        "ACTIVE": 99.81561155500921,
        "INACTIVE": 0.19359001935900194,
        "INVALID": 0,
        "MALICIOUS": 0,
        "SANE": 0,
        "VALID": 0,
        "total": 100.00920157436822
    }
}