{
    "counter": {
        "ACTIVE": 13736,
        "INACTIVE": 12,
        "INVALID": 0,
        "MALICIOUS": 0,
        "SANE": 0,
        "VALID": 0,
        "total": 13748
    },
    "percentage": {
        "ACTIVE": 99.91271457666569,
        "INACTIVE": 0.09823986901350798,
        "INVALID": 0,
        "MALICIOUS": 0,
        "SANE": 0,
        "VALID": 0,
        "total": 100.0109544456792
    }
}