{
    "counter": {
        "ACTIVE": 11439,
        "INACTIVE": 2,
        "INVALID": 0,
        "MALICIOUS": 0,
        "SANE": 0,
        "VALID": 0,
        "total": 11441
    },
    "percentage": {
        "ACTIVE": 99.982519010576,
        "INACTIVE": 0.018848364904344547,
        "INVALID": 0,
        "MALICIOUS": 0,
        "SANE": 0,
        "VALID": 0,
        "total": 100.00136737548034
    }
}