{
    "counter": {
        "ACTIVE": 14005,
        "INACTIVE": 5,
        "INVALID": 0,
        "MALICIOUS": 0,
        "SANE": 0,
        "VALID": 0,
        "total": 14010
    },
    "percentage": {
        "ACTIVE": 99.96431120628122,
        "INACTIVE": 0.04596010662744737,
        "INVALID": 0,
        "MALICIOUS": 0,
        "SANE": 0,
        "VALID": 0,
        "total": 100.01027131290867
    }
}