{
    "counter": {
        "ACTIVE": 24968,
        "INACTIVE": 10,
        "INVALID": 0,
        "MALICIOUS": 0,
        "SANE": 0,
        "VALID": 0,
        "total": 24978
    },
    "percentage": {
        "ACTIVE": 99.95996476899671,
        "INACTIVE": 0.04016225551226957,
        "INVALID": 0,
        "MALICIOUS": 0,
        "SANE": 0,
        "VALID": 0,
        "total": 100.00012702450898
    }
}