{
    "counter": {
        "ACTIVE": 12321,
        "INACTIVE": 259,
        "INVALID": 0,
        "MALICIOUS": 0,
        "SANE": 0,
        "VALID": 0,
        "total": 12580
    },
    "percentage": {
        "ACTIVE": 97.94117647058823,
        "INACTIVE": 2.3588342440801457,
        "INVALID": 0,
        "MALICIOUS": 0,
        "SANE": 0,
        "VALID": 0,
        "total": 100.30001071466837
    }
}