{
    "counter": {
        "ACTIVE": 3782,
        "INACTIVE": 101,
        "INVALID": 0,
        "MALICIOUS": 0,
        "SANE": 0,
        "VALID": 0,
        "total": 3883
    },
    "percentage": {
        "ACTIVE": 97.39891836209117,
        "INACTIVE": 2.601751674394642,
        "INVALID": 0,
        "MALICIOUS": 0,
        "SANE": 0,
        "VALID": 0,
        "total": 100.00067003648581
    }
}