{
    "counter": {
        "ACTIVE": 13362,
        "INACTIVE": 13,
        "INVALID": 0,
        "MALICIOUS": 0,
        "SANE": 0,
        "VALID": 0,
        "total": 13375
    },
    "percentage": {
        "ACTIVE": 99.90280373831776,
        "INACTIVE": 0.1447178002894356,
        "INVALID": 0,
        "MALICIOUS": 0,
        "SANE": 0,
        "VALID": 0,
        "total": 100.0475215386072
    }
}