{
    "counter": {
        "ACTIVE": 1900,
        "INACTIVE": 45,
        "INVALID": 0,
        "MALICIOUS": 0,
        "SANE": 0,
        "VALID": 0,
        "total": 1945
    },
    "percentage": {
        "ACTIVE": 97.68637532133675,
        "INACTIVE": 2.348643006263048,
        "INVALID": 0,
        "MALICIOUS": 0,
        "SANE": 0,
        "VALID": 0,
        "total": 100.0350183275998
    }
}