{
    "counter": {
        "ACTIVE": 4697,
        "INACTIVE": 118,
        "INVALID": 0,
        "MALICIOUS": 0,
        "SANE": 0,
        "VALID": 0,
        "total": 4815
    },
    "percentage": {
        "ACTIVE": 97.67103347889375,
        "INACTIVE": 2.45067497403946,
        "INVALID": 0,
        "MALICIOUS": 0,
        "SANE": 0,
        "VALID": 0,
        "total": 100.1217084529332
    }
}