{
    "counter": {
        "ACTIVE": 11501,
        "INACTIVE": 9,
        "INVALID": 0,
        "MALICIOUS": 0,
        "SANE": 0,
        "VALID": 0,
        "total": 11510
    },
    "percentage": {
        "ACTIVE": 99.92180712423979,
        "INACTIVE": 0.07930214115781126,
        "INVALID": 0,
        "MALICIOUS": 0,
        "SANE": 0,
        "VALID": 0,
        "total": 100.0011092653976
    }
}