{
    "counter": {
        "ACTIVE": 2799,
        "INACTIVE": 10,
        "INVALID": 0,
        "MALICIOUS": 0,
        "SANE": 0,
        "VALID": 0,
        "total": 2809
    },
    "percentage": {
        "ACTIVE": 99.64400142399431,
        "INACTIVE": 0.6514657980456026,
        "INVALID": 0,
        "MALICIOUS": 0,
        "SANE": 0,
        "VALID": 0,
        "total": 100.29546722203992
    }
}