{
    "counter": {
        "ACTIVE": 1442,
        "INACTIVE": 26,
        "INVALID": 0,
        "MALICIOUS": 0,
        "SANE": 0,
        "VALID": 0,
        "total": 1468
    },
    "percentage": {
        "ACTIVE": 98.22888283378747,
        "INACTIVE": 1.7869415807560138,
        "INVALID": 0,
        "MALICIOUS": 0,
        "SANE": 0,
        "VALID": 0,
        "total": 100.01582441454347
    }
}