{
    "counter": {
        "ACTIVE": 13603,
        "INACTIVE": 4,
        "INVALID": 0,
        "MALICIOUS": 0,
        "SANE": 0,
        "VALID": 0,
        "total": 13607
    },
    "percentage": {
        "ACTIVE": 99.9706033659146,
        "INACTIVE": 0.03436130916587922,
        "INVALID": 0,
        "MALICIOUS": 0,
        "SANE": 0,
        "VALID": 0,
        "total": 100.00496467508047
    }
}