{
    "counter": {
        "ACTIVE": 11739,
        "INACTIVE": 2,
        "INVALID": 0,
        "MALICIOUS": 0,
        "SANE": 0,
        "VALID": 0,
        "total": 11741
    },
    "percentage": {
        "ACTIVE": 99.98296567583681,
        "INACTIVE": 0.01885014137606032,
        "INVALID": 0,
        "MALICIOUS": 0,
        "SANE": 0,
        "VALID": 0,
        "total": 100.00181581721287
    }
}