{
    "counter": {
        "ACTIVE": 1645,
        "INACTIVE": 37,
        "INVALID": 0,
        "MALICIOUS": 0,
        "SANE": 0,
        "VALID": 0,
        "total": 1682
    },
    "percentage": {
        "ACTIVE": 97.80023781212842,
        "INACTIVE": 2.2410660205935797,
        "INVALID": 0,
        "MALICIOUS": 0,
        "SANE": 0,
        "VALID": 0,
        "total": 100.041303832722
    }
}