{
    "counter": {
        "ACTIVE": 25058,
        "INACTIVE": 10,
        "INVALID": 0,
        "MALICIOUS": 0,
        "SANE": 0,
        "VALID": 0,
        "total": 25068
    },
    "percentage": {
        "ACTIVE": 99.96010850486677,
        "INACTIVE": 0.04095507228570258,
        "INVALID": 0,
        "MALICIOUS": 0,
        "SANE": 0,
        "VALID": 0,
        "total": 100.00106357715246
    }
}