{
    "counter": {
        "ACTIVE": 14022,
        "INACTIVE": 5,
        "INVALID": 0,
        "MALICIOUS": 0,
        "SANE": 0,
        "VALID": 0,
        "total": 14027
    },
    "percentage": {
        "ACTIVE": 99.96435445925715,
        "INACTIVE": 0.04596010662744737,
        "INVALID": 0,
        "MALICIOUS": 0,
        "SANE": 0,
        "VALID": 0,
        "total": 100.0103145658846
    }
}