{
    "counter": {
        "ACTIVE": 4862,
        "INACTIVE": 143,
        "INVALID": 0,
        "MALICIOUS": 0,
        "SANE": 0,
        "VALID": 0,
        "total": 5005
    },
    "percentage": {
        "ACTIVE": 97.14285714285714,
        "INACTIVE": 2.9991610738255035,
        "INVALID": 0,
        "MALICIOUS": 0,
        "SANE": 0,
        "VALID": 0,
        "total": 100.14201821668264
    }
}