{
    "counter": {
        "ACTIVE": 3653,
        "INACTIVE": 1,
        "INVALID": 0,
        "MALICIOUS": 0,
        "SANE": 0,
        "VALID": 0,
        "total": 3654
    },
    "percentage": {
        "ACTIVE": 99.97263273125343,
        "INACTIVE": 0.07462686567164178,
        "INVALID": 0,
        "MALICIOUS": 0,
        "SANE": 0,
        "VALID": 0,
        "total": 100.04725959692507
    }
}