{
    "counter": {
        "ACTIVE": 7061,
        "INACTIVE": 175,
        "INVALID": 0,
        "MALICIOUS": 0,
        "SANE": 0,
        "VALID": 0,
        "total": 7236
    },
    "percentage": {
        "ACTIVE": 97.58153676064124,
        "INACTIVE": 2.4214750242147502,
        "INVALID": 0,
        "MALICIOUS": 0,
        "SANE": 0,
        "VALID": 0,
        "total": 100.003011784856
    }
}