{
    "counter": {
        "ACTIVE": 13352,
        "INACTIVE": 16,
        "INVALID": 0,
        "MALICIOUS": 0,
        "SANE": 0,
        "VALID": 0,
        "total": 13368
    },
    "percentage": {
        "ACTIVE": 99.88031119090365,
        "INACTIVE": 0.12429115202361532,
        "INVALID": 0,
        "MALICIOUS": 0,
        "SANE": 0,
        "VALID": 0,
        "total": 100.00460234292727
    }
}