{
    "counter": {
        "ACTIVE": 7864,
        "INACTIVE": 211,
        "INVALID": 0,
        "MALICIOUS": 0,
        "SANE": 0,
        "VALID": 0,
        "total": 8075
    },
    "percentage": {
        "ACTIVE": 97.38699690402477,
        "INACTIVE": 2.6243781094527363,
        "INVALID": 0,
        "MALICIOUS": 0,
        "SANE": 0,
        "VALID": 0,
        "total": 100.0113750134775
    }
}