{
    "counter": {
        "ACTIVE": 12535,
        "INACTIVE": 66,
        "INVALID": 0,
        "MALICIOUS": 0,
        "SANE": 0,
        "VALID": 0,
        "total": 12601
    },
    "percentage": {
        "ACTIVE": 99.47623204507579,
        "INACTIVE": 0.5256869772998806,
        "INVALID": 0,
        "MALICIOUS": 0,
        "SANE": 0,
        "VALID": 0,
        "total": 100.00191902237567
    }
}