{
    "counter": {
        "ACTIVE": 172,
        "INACTIVE": 1,
        "INVALID": 0,
        "MALICIOUS": 0,
        "SANE": 0,
        "VALID": 0,
        "total": 173
    },
    "percentage": {
        "ACTIVE": 99.42196531791907,
        "INACTIVE": 0.9345794392523364,
        "INVALID": 0,
        "MALICIOUS": 0,
        "SANE": 0,
        "VALID": 0,
        "total": 100.3565447571714
    }
}