{
    "counter": {
        "ACTIVE": 1536,
        "INACTIVE": 31,
        "INVALID": 0,
        "MALICIOUS": 0,
        "SANE": 0,
        "VALID": 0,
        "total": 1567
    },
    "percentage": {
        "ACTIVE": 98.02169751116784,
        "INACTIVE": 1.9961365099806825,
        "INVALID": 0,
        "MALICIOUS": 0,
        "SANE": 0,
        "VALID": 0,
        "total": 100.01783402114853
    }
}