{
    "counter": {
        "ACTIVE": 11897,
        "INACTIVE": 2,
        "INVALID": 0,
        "MALICIOUS": 0,
        "SANE": 0,
        "VALID": 0,
        "total": 11899
    },
    "percentage": {
        "ACTIVE": 99.98319186486259,
        "INACTIVE": 0.020905194940942826,
        "INVALID": 0,
        "MALICIOUS": 0,
        "SANE": 0,
        "VALID": 0,
        "total": 100.00409705980353
    }
}