{
    "counter": {
        "ACTIVE": 27168,
        "INACTIVE": 8,
        "INVALID": 0,
        "MALICIOUS": 0,
        "SANE": 0,
        "VALID": 0,
        "total": 27176
    },
    "percentage": {
        "ACTIVE": 99.97056226081837,
        "INACTIVE": 0.03018412315122246,
        "INVALID": 0,
        "MALICIOUS": 0,
        "SANE": 0,
        "VALID": 0,
        "total": 100.00074638396958
    }
}