{
    "counter": {
        "ACTIVE": 6600,
        "INACTIVE": 167,
        "INVALID": 0,
        "MALICIOUS": 0,
        "SANE": 0,
        "VALID": 0,
        "total": 6767
    },
    "percentage": {
        "ACTIVE": 97.53214127382887,
        "INACTIVE": 2.473707598874241,
        "INVALID": 0,
        "MALICIOUS": 0,
        "SANE": 0,
        "VALID": 0,
        "total": 100.00584887270311
    }
}