{
    "counter": {
        "ACTIVE": 13366,
        "INACTIVE": 69,
        "INVALID": 0,
        "MALICIOUS": 0,
        "SANE": 0,
        "VALID": 0,
        "total": 13435
    },
    "percentage": {
        "ACTIVE": 99.48641607740976,
        "INACTIVE": 0.5495818399044206,
        "INVALID": 0,
        "MALICIOUS": 0,
        "SANE": 0,
        "VALID": 0,
        "total": 100.03599791731418
    }
}