{
    "counter": {
        "ACTIVE": 6966,
        "INACTIVE": 169,
        "INVALID": 0,
        "MALICIOUS": 0,
        "SANE": 0,
        "VALID": 0,
        "total": 7135
    },
    "percentage": {
        "ACTIVE": 97.63139453398739,
        "INACTIVE": 2.4485656331498116,
        "INVALID": 0,
        "MALICIOUS": 0,
        "SANE": 0,
        "VALID": 0,
        "total": 100.0799601671372
    }
}