{
    "counter": {
        "ACTIVE": 1850,
        "INACTIVE": 43,
        "INVALID": 0,
        "MALICIOUS": 0,
        "SANE": 0,
        "VALID": 0,
        "total": 1893
    },
    "percentage": {
        "ACTIVE": 97.78012684989429,
        "INACTIVE": 2.271526677231907,
        "INVALID": 0,
        "MALICIOUS": 0,
        "SANE": 0,
        "VALID": 0,
        "total": 100.05165352712619
    }
}