{
    "counter": {
        "ACTIVE": 1876,
        "INACTIVE": 45,
        "INVALID": 0,
        "MALICIOUS": 0,
        "SANE": 0,
        "VALID": 0,
        "total": 1921
    },
    "percentage": {
        "ACTIVE": 97.65747006767309,
        "INACTIVE": 2.348643006263048,
        "INVALID": 0,
        "MALICIOUS": 0,
        "SANE": 0,
        "VALID": 0,
        "total": 100.00611307393613
    }
}