{
    "counter": {
        "ACTIVE": 12932,
        "INACTIVE": 16,
        "INVALID": 0,
        "MALICIOUS": 0,
        "SANE": 0,
        "VALID": 0,
        "total": 12948
    },
    "percentage": {
        "ACTIVE": 99.87642879209145,
        "INACTIVE": 0.12538202335240184,
        "INVALID": 0,
        "MALICIOUS": 0,
        "SANE": 0,
        "VALID": 0,
        "total": 100.00181081544385
    }
}