{
    "counter": {
        "ACTIVE": 13954,
        "INACTIVE": 6,
        "INVALID": 0,
        "MALICIOUS": 0,
        "SANE": 0,
        "VALID": 0,
        "total": 13960
    },
    "percentage": {
        "ACTIVE": 99.9570200573066,
        "INACTIVE": 0.045840018336007336,
        "INVALID": 0,
        "MALICIOUS": 0,
        "SANE": 0,
        "VALID": 0,
        "total": 100.0028600756426
    }
}