{
    "counter": {
        "ACTIVE": 11836,
        "INACTIVE": 259,
        "INVALID": 0,
        "MALICIOUS": 0,
        "SANE": 0,
        "VALID": 0,
        "total": 12095
    },
    "percentage": {
        "ACTIVE": 97.85861926415875,
        "INACTIVE": 2.3588342440801457,
        "INVALID": 0,
        "MALICIOUS": 0,
        "SANE": 0,
        "VALID": 0,
        "total": 100.21745350823889
    }
}