{
    "counter": {
        "ACTIVE": 7822,
        "INACTIVE": 210,
        "INVALID": 0,
        "MALICIOUS": 0,
        "SANE": 0,
        "VALID": 0,
        "total": 8032
    },
    "percentage": {
        "ACTIVE": 97.38545816733068,
        "INACTIVE": 2.6204142750187174,
        "INVALID": 0,
        "MALICIOUS": 0,
        "SANE": 0,
        "VALID": 0,
        "total": 100.0058724423494
    }
}