{
    "counter": {
        "ACTIVE": 12325,
        "INACTIVE": 18,
        "INVALID": 0,
        "MALICIOUS": 0,
        "SANE": 0,
        "VALID": 0,
        "total": 12343
    },
    "percentage": {
        "ACTIVE": 99.85416835453293,
        "INACTIVE": 0.1488710611198412,
        "INVALID": 0,
        "MALICIOUS": 0,
        "SANE": 0,
        "VALID": 0,
        "total": 100.00303941565276
    }
}