{
    "counter": {
        "ACTIVE": 3260,
        "INACTIVE": 88,
        "INVALID": 0,
        "MALICIOUS": 0,
        "SANE": 0,
        "VALID": 0,
        "total": 3348
    },
    "percentage": {
        "ACTIVE": 97.3715651135006,
        "INACTIVE": 2.6339419335528285,
        "INVALID": 0,
        "MALICIOUS": 0,
        "SANE": 0,
        "VALID": 0,
        "total": 100.00550704705343
    }
}