{
    "counter": {
        "ACTIVE": 10220,
        "INACTIVE": 17,
        "INVALID": 0,
        "MALICIOUS": 0,
        "SANE": 0,
        "VALID": 0,
        "total": 10237
    },
    "percentage": {
        "ACTIVE": 99.83393572335645,
        "INACTIVE": 0.21792077938725804,
        "INVALID": 0,
        "MALICIOUS": 0,
        "SANE": 0,
        "VALID": 0,
        "total": 100.0518565027437
    }
}