{
    "counter": {
        "ACTIVE": 7016,
        "INACTIVE": 169,
        "INVALID": 0,
        "MALICIOUS": 0,
        "SANE": 0,
        "VALID": 0,
        "total": 7185
    },
    "percentage": {
        "ACTIVE": 97.64787752261657,
        "INACTIVE": 2.4485656331498116,
        "INVALID": 0,
        "MALICIOUS": 0,
        "SANE": 0,
        "VALID": 0,
        "total": 100.09644315576638
    }
}