{
    "counter": {
        "ACTIVE": 7425,
        "INACTIVE": 196,
        "INVALID": 0,
        "MALICIOUS": 0,
        "SANE": 0,
        "VALID": 0,
        "total": 7621
    },
    "percentage": {
        "ACTIVE": 97.42815903424747,
        "INACTIVE": 2.5803054239073195,
        "INVALID": 0,
        "MALICIOUS": 0,
        "SANE": 0,
        "VALID": 0,
        "total": 100.00846445815479
    }
}