{
    "counter": {
        "ACTIVE": 14028,
        "INACTIVE": 5,
        "INVALID": 0,
        "MALICIOUS": 0,
        "SANE": 0,
        "VALID": 0,
        "total": 14033
    },
    "percentage": {
        "ACTIVE": 99.96436969999287,
        "INACTIVE": 0.04596010662744737,
        "INVALID": 0,
        "MALICIOUS": 0,
        "SANE": 0,
        "VALID": 0,
        "total": 100.01032980662032
    }
}