{
    "counter": {
        "ACTIVE": 7127,
        "INACTIVE": 177,
        "INVALID": 0,
        "MALICIOUS": 0,
        "SANE": 0,
        "VALID": 0,
        "total": 7304
    },
    "percentage": {
        "ACTIVE": 97.57667031763417,
        "INACTIVE": 2.42798353909465,
        "INVALID": 0,
        "MALICIOUS": 0,
        "SANE": 0,
        "VALID": 0,
        "total": 100.00465385672882
    }
}