{
    "counter": {
        "ACTIVE": 20573,
        "INACTIVE": 9,
        "INVALID": 0,
        "MALICIOUS": 0,
        "SANE": 0,
        "VALID": 0,
        "total": 20582
    },
    "percentage": {
        "ACTIVE": 99.95627247109124,
        "INACTIVE": 0.05849473547380736,
        "INVALID": 0,
        "MALICIOUS": 0,
        "SANE": 0,
        "VALID": 0,
        "total": 100.01476720656504
    }
}