{
    "counter": {
        "ACTIVE": 11957,
        "INACTIVE": 13,
        "INVALID": 0,
        "MALICIOUS": 0,
        "SANE": 0,
        "VALID": 0,
        "total": 11970
    },
    "percentage": {
        "ACTIVE": 99.89139515455305,
        "INACTIVE": 0.10909701242027527,
        "INVALID": 0,
        "MALICIOUS": 0,
        "SANE": 0,
        "VALID": 0,
        "total": 100.00049216697333
    }
}