{
    "counter": {
        "ACTIVE": 1517,
        "INACTIVE": 28,
        "INVALID": 0,
        "MALICIOUS": 0,
        "SANE": 0,
        "VALID": 0,
        "total": 1545
    },
    "percentage": {
        "ACTIVE": 98.18770226537217,
        "INACTIVE": 1.837270341207349,
        "INVALID": 0,
        "MALICIOUS": 0,
        "SANE": 0,
        "VALID": 0,
        "total": 100.02497260657951
    }
}