{
    "counter": {
        "ACTIVE": 2082,
        "INACTIVE": 74,
        "INVALID": 0,
        "MALICIOUS": 0,
        "SANE": 0,
        "VALID": 0,
        "total": 2156
    },
    "percentage": {
        "ACTIVE": 96.8822708236389,
        "INACTIVE": 3.4322820037105752,
        "INVALID": 0,
        "MALICIOUS": 0,
        "SANE": 0,
        "VALID": 0,
        "total": 100.31455282734947
    }
}