{
    "counter": {
        "ACTIVE": 13444,
        "INACTIVE": 3,
        "INVALID": 0,
        "MALICIOUS": 0,
        "SANE": 0,
        "VALID": 0,
        "total": 13447
    },
    "percentage": {
        "ACTIVE": 99.9776901911207,
        "INACTIVE": 0.022803283672848892,
        "INVALID": 0,
        "MALICIOUS": 0,
        "SANE": 0,
        "VALID": 0,
        "total": 100.00049347479354
    }
}