{
    "counter": {
        "ACTIVE": 11020,
        "INACTIVE": 1,
        "INVALID": 0,
        "MALICIOUS": 0,
        "SANE": 0,
        "VALID": 0,
        "total": 11021
    },
    "percentage": {
        "ACTIVE": 99.99092641321114,
        "INACTIVE": 0.20242914979757085,
        "INVALID": 0,
        "MALICIOUS": 0,
        "SANE": 0,
        "VALID": 0,
        "total": 100.19335556300871
    }
}