{
    "counter": {
        "ACTIVE": 7782,
        "INACTIVE": 208,
        "INVALID": 0,
        "MALICIOUS": 0,
        "SANE": 0,
        "VALID": 0,
        "total": 7990
    },
    "percentage": {
        "ACTIVE": 97.39674593241551,
        "INACTIVE": 2.6039058587881825,
        "INVALID": 0,
        "MALICIOUS": 0,
        "SANE": 0,
        "VALID": 0,
        "total": 100.0006517912037
    }
}