{
    "counter": {
        "ACTIVE": 24899,
        "INACTIVE": 12,
        "INVALID": 0,
        "MALICIOUS": 0,
        "SANE": 0,
        "VALID": 0,
        "total": 24911
    },
    "percentage": {
        "ACTIVE": 99.9518285094938,
        "INACTIVE": 0.05302929868752486,
        "INVALID": 0,
        "MALICIOUS": 0,
        "SANE": 0,
        "VALID": 0,
        "total": 100.00485780818131
    }
}