{
    "counter": {
        "ACTIVE": 13481,
        "INACTIVE": 2,
        "INVALID": 0,
        "MALICIOUS": 0,
        "SANE": 0,
        "VALID": 0,
        "total": 13483
    },
    "percentage": {
        "ACTIVE": 99.98516650597048,
        "INACTIVE": 0.01945714563673509,
        "INVALID": 0,
        "MALICIOUS": 0,
        "SANE": 0,
        "VALID": 0,
        "total": 100.00462365160722
    }
}