{
    "counter": {
        "ACTIVE": 7389,
        "INACTIVE": 194,
        "INVALID": 0,
        "MALICIOUS": 0,
        "SANE": 0,
        "VALID": 0,
        "total": 7583
    },
    "percentage": {
        "ACTIVE": 97.4544974940649,
        "INACTIVE": 2.5583542133720165,
        "INVALID": 0,
        "MALICIOUS": 0,
        "SANE": 0,
        "VALID": 0,
        "total": 100.01285170743691
    }
}