{
    "counter": {
        "ACTIVE": 610,
        "INACTIVE": 1,
        "INVALID": 0,
        "MALICIOUS": 0,
        "SANE": 0,
        "VALID": 0,
        "total": 611
    },
    "percentage": {
        "ACTIVE": 99.83633387888707,
        "INACTIVE": 0.9345794392523364,
        "INVALID": 0,
        "MALICIOUS": 0,
        "SANE": 0,
        "VALID": 0,
        "total": 100.7709133181394
    }
}