{
    "counter": {
        "ACTIVE": 887,
        "INACTIVE": 17,
        "INVALID": 0,
        "MALICIOUS": 0,
        "SANE": 0,
        "VALID": 0,
        "total": 904
    },
    "percentage": {
        "ACTIVE": 98.11946902654867,
        "INACTIVE": 1.927437641723356,
        "INVALID": 0,
        "MALICIOUS": 0,
        "SANE": 0,
        "VALID": 0,
        "total": 100.04690666827203
    }
}