{
    "counter": {
        "ACTIVE": 24119,
        "INACTIVE": 11,
        "INVALID": 0,
        "MALICIOUS": 0,
        "SANE": 0,
        "VALID": 0,
        "total": 24130
    },
    "percentage": {
        "ACTIVE": 99.95441359303771,
        "INACTIVE": 0.0498527079084523,
        "INVALID": 0,
        "MALICIOUS": 0,
        "SANE": 0,
        "VALID": 0,
        "total": 100.00426630094617
    }
}