{
    "counter": {
        "ACTIVE": 273,
        "INACTIVE": 5,
        "INVALID": 0,
        "MALICIOUS": 0,
        "SANE": 0,
        "VALID": 0,
        "total": 278
    },
    "percentage": {
        "ACTIVE": 98.20143884892086,
        "INACTIVE": 2.6595744680851063,
        "INVALID": 0,
        "MALICIOUS": 0,
        "SANE": 0,
        "VALID": 0,
        "total": 100.86101331700597
    }
}