{
    "counter": {
        "ACTIVE": 14162,
        "INACTIVE": 2,
        "INVALID": 0,
        "MALICIOUS": 0,
        "SANE": 0,
        "VALID": 0,
        "total": 14164
    },
    "percentage": {
        "ACTIVE": 99.98587969500142,
        "INACTIVE": 0.021285653469561516,
        "INVALID": 0,
        "MALICIOUS": 0,
        "SANE": 0,
        "VALID": 0,
        "total": 100.00716534847098
    }
}