{
    "counter": {
        "ACTIVE": 12444,
        "INACTIVE": 1,
        "INVALID": 0,
        "MALICIOUS": 0,
        "SANE": 0,
        "VALID": 0,
        "total": 12445
    },
    "percentage": {
        "ACTIVE": 99.99196464443551,
        "INACTIVE": 0.20242914979757085,
        "INVALID": 0,
        "MALICIOUS": 0,
        "SANE": 0,
        "VALID": 0,
        "total": 100.19439379423308
    }
}