{
    "counter": {
        "ACTIVE": 26709,
        "INACTIVE": 13,
        "INVALID": 0,
        "MALICIOUS": 0,
        "SANE": 0,
        "VALID": 0,
        "total": 26722
    },
    "percentage": {
        "ACTIVE": 99.95135094678542,
        "INACTIVE": 0.04979698153681146,
        "INVALID": 0,
        "MALICIOUS": 0,
        "SANE": 0,
        "VALID": 0,
        "total": 100.00114792832224
    }
}