{
    "counter": {
        "ACTIVE": 12630,
        "INACTIVE": 13,
        "INVALID": 0,
        "MALICIOUS": 0,
        "SANE": 0,
        "VALID": 0,
        "total": 12643
    },
    "percentage": {
        "ACTIVE": 99.89717630309262,
        "INACTIVE": 0.1043422425555823,
        "INVALID": 0,
        "MALICIOUS": 0,
        "SANE": 0,
        "VALID": 0,
        "total": 100.00151854564821
    }
}