{
    "counter": {
        "ACTIVE": 13089,
        "INACTIVE": 15,
        "INVALID": 0,
        "MALICIOUS": 0,
        "SANE": 0,
        "VALID": 0,
        "total": 13104
    },
    "percentage": {
        "ACTIVE": 99.88553113553114,
        "INACTIVE": 0.1669820772570411,
        "INVALID": 0,
        "MALICIOUS": 0,
        "SANE": 0,
        "VALID": 0,
        "total": 100.05251321278818
    }
}