{
    "counter": {
        "ACTIVE": 11248,
        "INACTIVE": 1,
        "INVALID": 0,
        "MALICIOUS": 0,
        "SANE": 0,
        "VALID": 0,
        "total": 11249
    },
    "percentage": {
        "ACTIVE": 99.99111032091741,
        "INACTIVE": 0.20242914979757085,
        "INVALID": 0,
        "MALICIOUS": 0,
        "SANE": 0,
        "VALID": 0,
        "total": 100.19353947071498
    }
}