{
    "counter": {
        "ACTIVE": 1891,
        "INACTIVE": 45,
        "INVALID": 0,
        "MALICIOUS": 0,
        "SANE": 0,
        "VALID": 0,
        "total": 1936
    },
    "percentage": {
        "ACTIVE": 97.67561983471074,
        "INACTIVE": 2.348643006263048,
        "INVALID": 0,
        "MALICIOUS": 0,
        "SANE": 0,
        "VALID": 0,
        "total": 100.02426284097379
    }
}