{
    "counter": {
        "ACTIVE": 1819,
        "INACTIVE": 42,
        "INVALID": 0,
        "MALICIOUS": 0,
        "SANE": 0,
        "VALID": 0,
        "total": 1861
    },
    "percentage": {
        "ACTIVE": 97.74314884470715,
        "INACTIVE": 2.2838499184339316,
        "INVALID": 0,
        "MALICIOUS": 0,
        "SANE": 0,
        "VALID": 0,
        "total": 100.02699876314108
    }
}