{
    "counter": {
        "ACTIVE": 13754,
        "INACTIVE": 2,
        "INVALID": 0,
        "MALICIOUS": 0,
        "SANE": 0,
        "VALID": 0,
        "total": 13756
    },
    "percentage": {
        "ACTIVE": 99.98546088979354,
        "INACTIVE": 0.0158052789631737,
        "INVALID": 0,
        "MALICIOUS": 0,
        "SANE": 0,
        "VALID": 0,
        "total": 100.00126616875671
    }
}