{
    "counter": {
        "ACTIVE": 13404,
        "INACTIVE": 46,
        "INVALID": 0,
        "MALICIOUS": 0,
        "SANE": 0,
        "VALID": 0,
        "total": 13450
    },
    "percentage": {
        "ACTIVE": 99.65799256505576,
        "INACTIVE": 0.34853765722079105,
        "INVALID": 0,
        "MALICIOUS": 0,
        "SANE": 0,
        "VALID": 0,
        "total": 100.00653022227655
    }
}