{
    "counter": {
        "ACTIVE": 24802,
        "INACTIVE": 8,
        "INVALID": 0,
        "MALICIOUS": 0,
        "SANE": 0,
        "VALID": 0,
        "total": 24810
    },
    "percentage": {
        "ACTIVE": 99.96775493752519,
        "INACTIVE": 0.032764057828562065,
        "INVALID": 0,
        "MALICIOUS": 0,
        "SANE": 0,
        "VALID": 0,
        "total": 100.00051899535374
    }
}