{
    "counter": {
        "ACTIVE": 13354,
        "INACTIVE": 18,
        "INVALID": 0,
        "MALICIOUS": 0,
        "SANE": 0,
        "VALID": 0,
        "total": 13372
    },
    "percentage": {
        "ACTIVE": 99.86539036793299,
        "INACTIVE": 0.14356356675705853,
        "INVALID": 0,
        "MALICIOUS": 0,
        "SANE": 0,
        "VALID": 0,
        "total": 100.00895393469004
    }
}