{
    "counter": {
        "ACTIVE": 1852,
        "INACTIVE": 43,
        "INVALID": 0,
        "MALICIOUS": 0,
        "SANE": 0,
        "VALID": 0,
        "total": 1895
    },
    "percentage": {
        "ACTIVE": 97.73087071240106,
        "INACTIVE": 2.271526677231907,
        "INVALID": 0,
        "MALICIOUS": 0,
        "SANE": 0,
        "VALID": 0,
        "total": 100.00239738963296
    }
}