{
    "counter": {
        "ACTIVE": 6960,
        "INACTIVE": 169,
        "INVALID": 0,
        "MALICIOUS": 0,
        "SANE": 0,
        "VALID": 0,
        "total": 7129
    },
    "percentage": {
        "ACTIVE": 97.62940103801375,
        "INACTIVE": 2.4485656331498116,
        "INVALID": 0,
        "MALICIOUS": 0,
        "SANE": 0,
        "VALID": 0,
        "total": 100.07796667116357
    }
}