{
    "counter": {
        "ACTIVE": 2562,
        "INACTIVE": 83,
        "INVALID": 0,
        "MALICIOUS": 0,
        "SANE": 0,
        "VALID": 0,
        "total": 2645
    },
    "percentage": {
        "ACTIVE": 96.86200378071834,
        "INACTIVE": 3.163109756097561,
        "INVALID": 0,
        "MALICIOUS": 0,
        "SANE": 0,
        "VALID": 0,
        "total": 100.0251135368159
    }
}