{
    "counter": {
        "ACTIVE": 24917,
        "INACTIVE": 11,
        "INVALID": 0,
        "MALICIOUS": 0,
        "SANE": 0,
        "VALID": 0,
        "total": 24928
    },
    "percentage": {
        "ACTIVE": 99.9558729139923,
        "INACTIVE": 0.0498527079084523,
        "INVALID": 0,
        "MALICIOUS": 0,
        "SANE": 0,
        "VALID": 0,
        "total": 100.00572562190075
    }
}