{
    "counter": {
        "ACTIVE": 24977,
        "INACTIVE": 13,
        "INVALID": 0,
        "MALICIOUS": 0,
        "SANE": 0,
        "VALID": 0,
        "total": 24990
    },
    "percentage": {
        "ACTIVE": 99.94797919167667,
        "INACTIVE": 0.05246589716684155,
        "INVALID": 0,
        "MALICIOUS": 0,
        "SANE": 0,
        "VALID": 0,
        "total": 100.0004450888435
    }
}