{
    "counter": {
        "ACTIVE": 7022,
        "INACTIVE": 171,
        "INVALID": 0,
        "MALICIOUS": 0,
        "SANE": 0,
        "VALID": 0,
        "total": 7193
    },
    "percentage": {
        "ACTIVE": 97.62268872514944,
        "INACTIVE": 2.3846046576488633,
        "INVALID": 0,
        "MALICIOUS": 0,
        "SANE": 0,
        "VALID": 0,
        "total": 100.00729338279831
    }
}