{
    "counter": {
        "ACTIVE": 3119,
        "INACTIVE": 1,
        "INVALID": 0,
        "MALICIOUS": 0,
        "SANE": 0,
        "VALID": 0,
        "total": 3120
    },
    "percentage": {
        "ACTIVE": 99.96794871794872,
        "INACTIVE": 0.05089058524173028,
        "INVALID": 0,
        "MALICIOUS": 0,
        "SANE": 0,
        "VALID": 0,
        "total": 100.01883930319045
    }
}