{
    "counter": {
        "ACTIVE": 2076,
        "INACTIVE": 49,
        "INVALID": 0,
        "MALICIOUS": 0,
        "SANE": 0,
        "VALID": 0,
        "total": 2125
    },
    "percentage": {
        "ACTIVE": 97.69411764705882,
        "INACTIVE": 2.3377862595419847,
        "INVALID": 0,
        "MALICIOUS": 0,
        "SANE": 0,
        "VALID": 0,
        "total": 100.0319039066008
    }
}