{
    "counter": {
        "ACTIVE": 13414,
        "INACTIVE": 2,
        "INVALID": 0,
        "MALICIOUS": 0,
        "SANE": 0,
        "VALID": 0,
        "total": 13416
    },
    "percentage": {
        "ACTIVE": 99.98509242695289,
        "INACTIVE": 0.021505376344086023,
        "INVALID": 0,
        "MALICIOUS": 0,
        "SANE": 0,
        "VALID": 0,
        "total": 100.00659780329697
    }
}