{
    "counter": {
        "ACTIVE": 5335,
        "INACTIVE": 147,
        "INVALID": 0,
        "MALICIOUS": 0,
        "SANE": 0,
        "VALID": 0,
        "total": 5482
    },
    "percentage": {
        "ACTIVE": 97.31849689894199,
        "INACTIVE": 2.7181952662721893,
        "INVALID": 0,
        "MALICIOUS": 0,
        "SANE": 0,
        "VALID": 0,
        "total": 100.03669216521418
    }
}