{
    "counter": {
        "ACTIVE": 6310,
        "INACTIVE": 161,
        "INVALID": 0,
        "MALICIOUS": 0,
        "SANE": 0,
        "VALID": 0,
        "total": 6471
    },
    "percentage": {
        "ACTIVE": 97.5119765105857,
        "INACTIVE": 2.5274725274725274,
        "INVALID": 0,
        "MALICIOUS": 0,
        "SANE": 0,
        "VALID": 0,
        "total": 100.03944903805822
    }
}