{
    "counter": {
        "ACTIVE": 4674,
        "INACTIVE": 143,
        "INVALID": 0,
        "MALICIOUS": 0,
        "SANE": 0,
        "VALID": 0,
        "total": 4817
    },
    "percentage": {
        "ACTIVE": 97.03134731160473,
        "INACTIVE": 2.9991610738255035,
        "INVALID": 0,
        "MALICIOUS": 0,
        "SANE": 0,
        "VALID": 0,
        "total": 100.03050838543024
    }
}