{
    "counter": {
        "ACTIVE": 6961,
        "INACTIVE": 169,
        "INVALID": 0,
        "MALICIOUS": 0,
        "SANE": 0,
        "VALID": 0,
        "total": 7130
    },
    "percentage": {
        "ACTIVE": 97.6297335203366,
        "INACTIVE": 2.4485656331498116,
        "INVALID": 0,
        "MALICIOUS": 0,
        "SANE": 0,
        "VALID": 0,
        "total": 100.07829915348641
    }
}