{
    "counter": {
        "ACTIVE": 2797,
        "INACTIVE": 1,
        "INVALID": 0,
        "MALICIOUS": 0,
        "SANE": 0,
        "VALID": 0,
        "total": 2798
    },
    "percentage": {
        "ACTIVE": 99.96426018584704,
        "INACTIVE": 0.07457121551081283,
        "INVALID": 0,
        "MALICIOUS": 0,
        "SANE": 0,
        "VALID": 0,
        "total": 100.03883140135785
    }
}