{
    "counter": {
        "ACTIVE": 3064,
        "INACTIVE": 84,
        "INVALID": 0,
        "MALICIOUS": 0,
        "SANE": 0,
        "VALID": 0,
        "total": 3148
    },
    "percentage": {
        "ACTIVE": 97.33163913595934,
        "INACTIVE": 3.0973451327433628,
        "INVALID": 0,
        "MALICIOUS": 0,
        "SANE": 0,
        "VALID": 0,
        "total": 100.42898426870269
    }
}