{
    "counter": {
        "ACTIVE": 7748,
        "INACTIVE": 205,
        "INVALID": 0,
        "MALICIOUS": 0,
        "SANE": 0,
        "VALID": 0,
        "total": 7953
    },
    "percentage": {
        "ACTIVE": 97.42235634351817,
        "INACTIVE": 2.5903462218852664,
        "INVALID": 0,
        "MALICIOUS": 0,
        "SANE": 0,
        "VALID": 0,
        "total": 100.01270256540344
    }
}