{
    "counter": {
        "ACTIVE": 1798,
        "INACTIVE": 42,
        "INVALID": 0,
        "MALICIOUS": 0,
        "SANE": 0,
        "VALID": 0,
        "total": 1840
    },
    "percentage": {
        "ACTIVE": 97.71739130434783,
        "INACTIVE": 2.2838499184339316,
        "INVALID": 0,
        "MALICIOUS": 0,
        "SANE": 0,
        "VALID": 0,
        "total": 100.00124122278176
    }
}