{
    "counter": {
        "ACTIVE": 14029,
        "INACTIVE": 5,
        "INVALID": 0,
        "MALICIOUS": 0,
        "SANE": 0,
        "VALID": 0,
        "total": 14034
    },
    "percentage": {
        "ACTIVE": 99.96437223884851,
        "INACTIVE": 0.04596010662744737,
        "INVALID": 0,
        "MALICIOUS": 0,
        "SANE": 0,
        "VALID": 0,
        "total": 100.01033234547596
    }
}