{
    "counter": {
        "ACTIVE": 6963,
        "INACTIVE": 169,
        "INVALID": 0,
        "MALICIOUS": 0,
        "SANE": 0,
        "VALID": 0,
        "total": 7132
    },
    "percentage": {
        "ACTIVE": 97.63039820527202,
        "INACTIVE": 2.4485656331498116,
        "INVALID": 0,
        "MALICIOUS": 0,
        "SANE": 0,
        "VALID": 0,
        "total": 100.07896383842183
    }
}