{
    "counter": {
        "ACTIVE": 27164,
        "INACTIVE": 10,
        "INVALID": 0,
        "MALICIOUS": 0,
        "SANE": 0,
        "VALID": 0,
        "total": 27174
    },
    "percentage": {
        "ACTIVE": 99.96320011775963,
        "INACTIVE": 0.03773015393902807,
        "INVALID": 0,
        "MALICIOUS": 0,
        "SANE": 0,
        "VALID": 0,
        "total": 100.00093027169865
    }
}