{
    "counter": {
        "ACTIVE": 108,
        "INACTIVE": 1,
        "INVALID": 0,
        "MALICIOUS": 0,
        "SANE": 0,
        "VALID": 0,
        "total": 109
    },
    "percentage": {
        "ACTIVE": 99.08256880733946,
        "INACTIVE": 0.9345794392523364,
        "INVALID": 0,
        "MALICIOUS": 0,
        "SANE": 0,
        "VALID": 0,
        "total": 100.01714824659179
    }
}