{
    "counter": {
        "ACTIVE": 12158,
        "INACTIVE": 3,
        "INVALID": 0,
        "MALICIOUS": 0,
        "SANE": 0,
        "VALID": 0,
        "total": 12161
    },
    "percentage": {
        "ACTIVE": 99.97533097607105,
        "INACTIVE": 0.03135779241141424,
        "INVALID": 0,
        "MALICIOUS": 0,
        "SANE": 0,
        "VALID": 0,
        "total": 100.00668876848246
    }
}