{
    "counter": {
        "ACTIVE": 2973,
        "INACTIVE": 1,
        "INVALID": 0,
        "MALICIOUS": 0,
        "SANE": 0,
        "VALID": 0,
        "total": 2974
    },
    "percentage": {
        "ACTIVE": 99.96637525218561,
        "INACTIVE": 0.12239902080783353,
        "INVALID": 0,
        "MALICIOUS": 0,
        "SANE": 0,
        "VALID": 0,
        "total": 100.08877427299345
    }
}