{
    "counter": {
        "ACTIVE": 2452,
        "INACTIVE": 54,
        "INVALID": 0,
        "MALICIOUS": 0,
        "SANE": 0,
        "VALID": 0,
        "total": 2506
    },
    "percentage": {
        "ACTIVE": 97.84517158818835,
        "INACTIVE": 2.211302211302211,
        "INVALID": 0,
        "MALICIOUS": 0,
        "SANE": 0,
        "VALID": 0,
        "total": 100.05647379949056
    }
}