{
    "counter": {
        "ACTIVE": 12023,
        "INACTIVE": 3,
        "INVALID": 0,
        "MALICIOUS": 0,
        "SANE": 0,
        "VALID": 0,
        "total": 12026
    },
    "percentage": {
        "ACTIVE": 99.97505404955929,
        "INACTIVE": 0.02827254735651682,
        "INVALID": 0,
        "MALICIOUS": 0,
        "SANE": 0,
        "VALID": 0,
        "total": 100.00332659691581
    }
}