{
    "counter": {
        "ACTIVE": 2210,
        "INACTIVE": 3,
        "INVALID": 0,
        "MALICIOUS": 0,
        "SANE": 0,
        "VALID": 0,
        "total": 2213
    },
    "percentage": {
        "ACTIVE": 99.86443741527339,
        "INACTIVE": 0.1551991722710812,
        "INVALID": 0,
        "MALICIOUS": 0,
        "SANE": 0,
        "VALID": 0,
        "total": 100.01963658754447
    }
}