{
    "counter": {
        "ACTIVE": 13442,
        "INACTIVE": 46,
        "INVALID": 0,
        "MALICIOUS": 0,
        "SANE": 0,
        "VALID": 0,
        "total": 13488
    },
    "percentage": {
        "ACTIVE": 99.65895610913404,
        "INACTIVE": 0.34853765722079105,
        "INVALID": 0,
        "MALICIOUS": 0,
        "SANE": 0,
        "VALID": 0,
        "total": 100.00749376635483
    }
}