{
    "counter": {
        "ACTIVE": 11263,
        "INACTIVE": 1,
        "INVALID": 0,
        "MALICIOUS": 0,
        "SANE": 0,
        "VALID": 0,
        "total": 11264
    },
    "percentage": {
        "ACTIVE": 99.9911221590909,
        "INACTIVE": 0.009424182452172273,
        "INVALID": 0,
        "MALICIOUS": 0,
        "SANE": 0,
        "VALID": 0,
        "total": 100.00054634154309
    }
}