{
    "counter": {
        "ACTIVE": 1043,
        "INACTIVE": 18,
        "INVALID": 0,
        "MALICIOUS": 0,
        "SANE": 0,
        "VALID": 0,
        "total": 1061
    },
    "percentage": {
        "ACTIVE": 98.30348727615457,
        "INACTIVE": 1.8987341772151898,
        "INVALID": 0,
        "MALICIOUS": 0,
        "SANE": 0,
        "VALID": 0,
        "total": 100.20222145336976
    }
}