{
    "counter": {
        "ACTIVE": 2824,
        "INACTIVE": 65,
        "INVALID": 0,
        "MALICIOUS": 0,
        "SANE": 0,
        "VALID": 0,
        "total": 2889
    },
    "percentage": {
        "ACTIVE": 97.75008653513326,
        "INACTIVE": 2.2530329289428077,
        "INVALID": 0,
        "MALICIOUS": 0,
        "SANE": 0,
        "VALID": 0,
        "total": 100.00311946407606
    }
}