{
    "counter": {
        "ACTIVE": 13310,
        "INACTIVE": 5,
        "INVALID": 0,
        "MALICIOUS": 0,
        "SANE": 0,
        "VALID": 0,
        "total": 13315
    },
    "percentage": {
        "ACTIVE": 99.96244836650395,
        "INACTIVE": 0.045858937906998076,
        "INVALID": 0,
        "MALICIOUS": 0,
        "SANE": 0,
        "VALID": 0,
        "total": 100.00830730441095
    }
}