{
    "counter": {
        "ACTIVE": 29690,
        "INACTIVE": 230,
        "INVALID": 2,
        "MALICIOUS": 0,
        "SANE": 0,
        "VALID": 0,
        "total": 29922
    },
    "percentage": {
        "ACTIVE": 99.22465075863913,
        "INACTIVE": 0.7819139894611593,
        "INVALID": 0.012170632264346132,
        "MALICIOUS": 0,
        "SANE": 0,
        "VALID": 0,
        "total": 100.01873538036463
    }
}