{
    "counter": {
        "ACTIVE": 4720,
        "INACTIVE": 143,
        "INVALID": 0,
        "MALICIOUS": 0,
        "SANE": 0,
        "VALID": 0,
        "total": 4863
    },
    "percentage": {
        "ACTIVE": 97.05942833641785,
        "INACTIVE": 2.9991610738255035,
        "INVALID": 0,
        "MALICIOUS": 0,
        "SANE": 0,
        "VALID": 0,
        "total": 100.05858941024336
    }
}