{
    "counter": {
        "ACTIVE": 4599,
        "INACTIVE": 124,
        "INVALID": 0,
        "MALICIOUS": 0,
        "SANE": 0,
        "VALID": 0,
        "total": 4723
    },
    "percentage": {
        "ACTIVE": 97.41580173692014,
        "INACTIVE": 2.6254499258945585,
        "INVALID": 0,
        "MALICIOUS": 0,
        "SANE": 0,
        "VALID": 0,
        "total": 100.0412516628147
    }
}