{
    "counter": {
        "ACTIVE": 23062,
        "INACTIVE": 12,
        "INVALID": 0,
        "MALICIOUS": 0,
        "SANE": 0,
        "VALID": 0,
        "total": 23074
    },
    "percentage": {
        "ACTIVE": 99.94799341249892,
        "INACTIVE": 0.05430847212165098,
        "INVALID": 0,
        "MALICIOUS": 0,
        "SANE": 0,
        "VALID": 0,
        "total": 100.00230188462056
    }
}