{
    "counter": {
        "ACTIVE": 13503,
        "INACTIVE": 2,
        "INVALID": 0,
        "MALICIOUS": 0,
        "SANE": 0,
        "VALID": 0,
        "total": 13505
    },
    "percentage": {
        "ACTIVE": 99.98519067012218,
        "INACTIVE": 0.017325017325017324,
        "INVALID": 0,
        "MALICIOUS": 0,
        "SANE": 0,
        "VALID": 0,
        "total": 100.0025156874472
    }
}