{
    "counter": {
        "ACTIVE": 2639,
        "INACTIVE": 84,
        "INVALID": 0,
        "MALICIOUS": 0,
        "SANE": 0,
        "VALID": 0,
        "total": 2723
    },
    "percentage": {
        "ACTIVE": 96.91516709511568,
        "INACTIVE": 3.0973451327433628,
        "INVALID": 0,
        "MALICIOUS": 0,
        "SANE": 0,
        "VALID": 0,
        "total": 100.01251222785903
    }
}