{
    "counter": {
        "ACTIVE": 7087,
        "INACTIVE": 176,
        "INVALID": 0,
        "MALICIOUS": 0,
        "SANE": 0,
        "VALID": 0,
        "total": 7263
    },
    "percentage": {
        "ACTIVE": 97.59019553841917,
        "INACTIVE": 2.423241084951122,
        "INVALID": 0,
        "MALICIOUS": 0,
        "SANE": 0,
        "VALID": 0,
        "total": 100.01343662337028
    }
}