{
    "counter": {
        "ACTIVE": 4740,
        "INACTIVE": 143,
        "INVALID": 0,
        "MALICIOUS": 0,
        "SANE": 0,
        "VALID": 0,
        "total": 4883
    },
    "percentage": {
        "ACTIVE": 97.07147245545771,
        "INACTIVE": 2.9991610738255035,
        "INVALID": 0,
        "MALICIOUS": 0,
        "SANE": 0,
        "VALID": 0,
        "total": 100.07063352928321
    }
}