{
    "counter": {
        "ACTIVE": 13522,
        "INACTIVE": 7,
        "INVALID": 0,
        "MALICIOUS": 0,
        "SANE": 0,
        "VALID": 0,
        "total": 13529
    },
    "percentage": {
        "ACTIVE": 99.9482592948481,
        "INACTIVE": 0.053475935828877004,
        "INVALID": 0,
        "MALICIOUS": 0,
        "SANE": 0,
        "VALID": 0,
        "total": 100.00173523067697
    }
}