{
    "counter": {
        "ACTIVE": 8451,
        "INACTIVE": 236,
        "INVALID": 0,
        "MALICIOUS": 0,
        "SANE": 0,
        "VALID": 0,
        "total": 8687
    },
    "percentage": {
        "ACTIVE": 97.283296880396,
        "INACTIVE": 2.726747544771808,
        "INVALID": 0,
        "MALICIOUS": 0,
        "SANE": 0,
        "VALID": 0,
        "total": 100.0100444251678
    }
}