{
    "counter": {
        "ACTIVE": 1385,
        "INACTIVE": 22,
        "INVALID": 0,
        "MALICIOUS": 0,
        "SANE": 0,
        "VALID": 0,
        "total": 1407
    },
    "percentage": {
        "ACTIVE": 98.4363894811656,
        "INACTIVE": 1.6046681254558717,
        "INVALID": 0,
        "MALICIOUS": 0,
        "SANE": 0,
        "VALID": 0,
        "total": 100.04105760662148
    }
}