{
    "counter": {
        "ACTIVE": 23772,
        "INACTIVE": 7,
        "INVALID": 0,
        "MALICIOUS": 0,
        "SANE": 0,
        "VALID": 0,
        "total": 23779
    },
    "percentage": {
        "ACTIVE": 99.97056226081837,
        "INACTIVE": 0.030966600309666,
        "INVALID": 0,
        "MALICIOUS": 0,
        "SANE": 0,
        "VALID": 0,
        "total": 100.00152886112804
    }
}