{
    "counter": {
        "ACTIVE": 13208,
        "INACTIVE": 13,
        "INVALID": 0,
        "MALICIOUS": 0,
        "SANE": 0,
        "VALID": 0,
        "total": 13221
    },
    "percentage": {
        "ACTIVE": 99.9016715830875,
        "INACTIVE": 0.10098656101918745,
        "INVALID": 0,
        "MALICIOUS": 0,
        "SANE": 0,
        "VALID": 0,
        "total": 100.00265814410669
    }
}