{
    "counter": {
        "ACTIVE": 25417,
        "INACTIVE": 11,
        "INVALID": 0,
        "MALICIOUS": 0,
        "SANE": 0,
        "VALID": 0,
        "total": 25428
    },
    "percentage": {
        "ACTIVE": 99.95674060091238,
        "INACTIVE": 0.0498527079084523,
        "INVALID": 0,
        "MALICIOUS": 0,
        "SANE": 0,
        "VALID": 0,
        "total": 100.00659330882084
    }
}