{
    "counter": {
        "ACTIVE": 7028,
        "INACTIVE": 171,
        "INVALID": 0,
        "MALICIOUS": 0,
        "SANE": 0,
        "VALID": 0,
        "total": 7199
    },
    "percentage": {
        "ACTIVE": 97.62467009306849,
        "INACTIVE": 2.3846046576488633,
        "INVALID": 0,
        "MALICIOUS": 0,
        "SANE": 0,
        "VALID": 0,
        "total": 100.00927475071735
    }
}