{
    "counter": {
        "ACTIVE": 7025,
        "INACTIVE": 171,
        "INVALID": 0,
        "MALICIOUS": 0,
        "SANE": 0,
        "VALID": 0,
        "total": 7196
    },
    "percentage": {
        "ACTIVE": 97.6236798221234,
        "INACTIVE": 2.3846046576488633,
        "INVALID": 0,
        "MALICIOUS": 0,
        "SANE": 0,
        "VALID": 0,
        "total": 100.00828447977227
    }
}