{
    "counter": {
        "ACTIVE": 24568,
        "INACTIVE": 8,
        "INVALID": 0,
        "MALICIOUS": 0,
        "SANE": 0,
        "VALID": 0,
        "total": 24576
    },
    "percentage": {
        "ACTIVE": 99.96744791666667,
        "INACTIVE": 0.032764057828562065,
        "INVALID": 0,
        "MALICIOUS": 0,
        "SANE": 0,
        "VALID": 0,
        "total": 100.00021197449523
    }
}