{
    "counter": {
        "ACTIVE": 4948,
        "INACTIVE": 144,
        "INVALID": 0,
        "MALICIOUS": 0,
        "SANE": 0,
        "VALID": 0,
        "total": 5092
    },
    "percentage": {
        "ACTIVE": 97.172034564022,
        "INACTIVE": 2.8357621110673494,
        "INVALID": 0,
        "MALICIOUS": 0,
        "SANE": 0,
        "VALID": 0,
        "total": 100.00779667508935
    }
}