{
    "counter": {
        "ACTIVE": 13268,
        "INACTIVE": 11,
        "INVALID": 0,
        "MALICIOUS": 0,
        "SANE": 0,
        "VALID": 0,
        "total": 13279
    },
    "percentage": {
        "ACTIVE": 99.9171624369305,
        "INACTIVE": 0.09006796037009744,
        "INVALID": 0,
        "MALICIOUS": 0,
        "SANE": 0,
        "VALID": 0,
        "total": 100.00723039730059
    }
}