{
    "counter": {
        "ACTIVE": 3527,
        "INACTIVE": 1,
        "INVALID": 0,
        "MALICIOUS": 0,
        "SANE": 0,
        "VALID": 0,
        "total": 3528
    },
    "percentage": {
        "ACTIVE": 99.97165532879819,
        "INACTIVE": 0.07473841554559044,
        "INVALID": 0,
        "MALICIOUS": 0,
        "SANE": 0,
        "VALID": 0,
        "total": 100.04639374434379
    }
}