{
    "counter": {
        "ACTIVE": 2836,
        "INACTIVE": 1,
        "INVALID": 0,
        "MALICIOUS": 0,
        "SANE": 0,
        "VALID": 0,
        "total": 2837
    },
    "percentage": {
        "ACTIVE": 99.96475149806133,
        "INACTIVE": 0.05091649694501019,
        "INVALID": 0,
        "MALICIOUS": 0,
        "SANE": 0,
        "VALID": 0,
        "total": 100.01566799500634
    }
}