{
    "counter": {
        "ACTIVE": 7050,
        "INACTIVE": 173,
        "INVALID": 0,
        "MALICIOUS": 0,
        "SANE": 0,
        "VALID": 0,
        "total": 7223
    },
    "percentage": {
        "ACTIVE": 97.60487332133462,
        "INACTIVE": 2.4007771301693035,
        "INVALID": 0,
        "MALICIOUS": 0,
        "SANE": 0,
        "VALID": 0,
        "total": 100.00565045150393
    }
}