{
    "counter": {
        "ACTIVE": 12763,
        "INACTIVE": 2,
        "INVALID": 0,
        "MALICIOUS": 0,
        "SANE": 0,
        "VALID": 0,
        "total": 12765
    },
    "percentage": {
        "ACTIVE": 99.9843321582452,
        "INACTIVE": 0.017329520838748808,
        "INVALID": 0,
        "MALICIOUS": 0,
        "SANE": 0,
        "VALID": 0,
        "total": 100.00166167908394
    }
}