{
    "counter": {
        "ACTIVE": 1646,
        "INACTIVE": 35,
        "INVALID": 0,
        "MALICIOUS": 0,
        "SANE": 0,
        "VALID": 0,
        "total": 1681
    },
    "percentage": {
        "ACTIVE": 97.91790600832837,
        "INACTIVE": 2.0983213429256593,
        "INVALID": 0,
        "MALICIOUS": 0,
        "SANE": 0,
        "VALID": 0,
        "total": 100.01622735125403
    }
}