{
    "counter": {
        "ACTIVE": 11792,
        "INACTIVE": 1,
        "INVALID": 0,
        "MALICIOUS": 0,
        "SANE": 0,
        "VALID": 0,
        "total": 11793
    },
    "percentage": {
        "ACTIVE": 99.99152039345374,
        "INACTIVE": 0.20242914979757085,
        "INVALID": 0,
        "MALICIOUS": 0,
        "SANE": 0,
        "VALID": 0,
        "total": 100.1939495432513
    }
}