{
    "counter": {
        "ACTIVE": 4142,
        "INACTIVE": 114,
        "INVALID": 0,
        "MALICIOUS": 0,
        "SANE": 0,
        "VALID": 0,
        "total": 4256
    },
    "percentage": {
        "ACTIVE": 97.32142857142857,
        "INACTIVE": 2.6848798869524257,
        "INVALID": 0,
        "MALICIOUS": 0,
        "SANE": 0,
        "VALID": 0,
        "total": 100.006308458381
    }
}