{
    "counter": {
        "ACTIVE": 3959,
        "INACTIVE": 1,
        "INVALID": 0,
        "MALICIOUS": 0,
        "SANE": 0,
        "VALID": 0,
        "total": 3960
    },
    "percentage": {
        "ACTIVE": 99.97474747474747,
        "INACTIVE": 0.07462686567164178,
        "INVALID": 0,
        "MALICIOUS": 0,
        "SANE": 0,
        "VALID": 0,
        "total": 100.04937434041912
    }
}