{
    "counter": {
        "ACTIVE": 7206,
        "INACTIVE": 179,
        "INVALID": 0,
        "MALICIOUS": 0,
        "SANE": 0,
        "VALID": 0,
        "total": 7385
    },
    "percentage": {
        "ACTIVE": 97.58938244853738,
        "INACTIVE": 2.4238320920785377,
        "INVALID": 0,
        "MALICIOUS": 0,
        "SANE": 0,
        "VALID": 0,
        "total": 100.01321454061592
    }
}