{
    "counter": {
        "ACTIVE": 6985,
        "INACTIVE": 170,
        "INVALID": 0,
        "MALICIOUS": 0,
        "SANE": 0,
        "VALID": 0,
        "total": 7155
    },
    "percentage": {
        "ACTIVE": 97.62403913347309,
        "INACTIVE": 2.395040856579318,
        "INVALID": 0,
        "MALICIOUS": 0,
        "SANE": 0,
        "VALID": 0,
        "total": 100.0190799900524
    }
}