{
    "counter": {
        "ACTIVE": 2206,
        "INACTIVE": 1,
        "INVALID": 0,
        "MALICIOUS": 0,
        "SANE": 0,
        "VALID": 0,
        "total": 2207
    },
    "percentage": {
        "ACTIVE": 99.95468962392388,
        "INACTIVE": 0.12239902080783353,
        "INVALID": 0,
        "MALICIOUS": 0,
        "SANE": 0,
        "VALID": 0,
        "total": 100.07708864473172
    }
}