{
    "counter": {
        "ACTIVE": 2294,
        "INACTIVE": 1,
        "INVALID": 0,
        "MALICIOUS": 0,
        "SANE": 0,
        "VALID": 0,
        "total": 2295
    },
    "percentage": {
        "ACTIVE": 99.95642701525054,
        "INACTIVE": 0.04812319538017324,
        "INVALID": 0,
        "MALICIOUS": 0,
        "SANE": 0,
        "VALID": 0,
        "total": 100.00455021063071
    }
}