{
    "counter": {
        "ACTIVE": 13325,
        "INACTIVE": 18,
        "INVALID": 0,
        "MALICIOUS": 0,
        "SANE": 0,
        "VALID": 0,
        "total": 13343
    },
    "percentage": {
        "ACTIVE": 99.86509780409203,
        "INACTIVE": 0.14356356675705853,
        "INVALID": 0,
        "MALICIOUS": 0,
        "SANE": 0,
        "VALID": 0,
        "total": 100.00866137084908
    }
}