{
    "counter": {
        "ACTIVE": 3351,
        "INACTIVE": 91,
        "INVALID": 0,
        "MALICIOUS": 0,
        "SANE": 0,
        "VALID": 0,
        "total": 3442
    },
    "percentage": {
        "ACTIVE": 97.44111660366386,
        "INACTIVE": 2.643811737361999,
        "INVALID": 0,
        "MALICIOUS": 0,
        "SANE": 0,
        "VALID": 0,
        "total": 100.08492834102586
    }
}