{
    "counter": {
        "ACTIVE": 13728,
        "INACTIVE": 2,
        "INVALID": 0,
        "MALICIOUS": 0,
        "SANE": 0,
        "VALID": 0,
        "total": 13730
    },
    "percentage": {
        "ACTIVE": 99.98543335761107,
        "INACTIVE": 0.022419011321600717,
        "INVALID": 0,
        "MALICIOUS": 0,
        "SANE": 0,
        "VALID": 0,
        "total": 100.00785236893267
    }
}