{
    "counter": {
        "ACTIVE": 13529,
        "INACTIVE": 5,
        "INVALID": 0,
        "MALICIOUS": 0,
        "SANE": 0,
        "VALID": 0,
        "total": 13534
    },
    "percentage": {
        "ACTIVE": 99.96305600709324,
        "INACTIVE": 0.04332380209687202,
        "INVALID": 0,
        "MALICIOUS": 0,
        "SANE": 0,
        "VALID": 0,
        "total": 100.00637980919012
    }
}