{
    "counter": {
        "ACTIVE": 24978,
        "INACTIVE": 12,
        "INVALID": 0,
        "MALICIOUS": 0,
        "SANE": 0,
        "VALID": 0,
        "total": 24990
    },
    "percentage": {
        "ACTIVE": 99.95198079231693,
        "INACTIVE": 0.04831501389056649,
        "INVALID": 0,
        "MALICIOUS": 0,
        "SANE": 0,
        "VALID": 0,
        "total": 100.0002958062075
    }
}