{
    "counter": {
        "ACTIVE": 14040,
        "INACTIVE": 5,
        "INVALID": 0,
        "MALICIOUS": 0,
        "SANE": 0,
        "VALID": 0,
        "total": 14045
    },
    "percentage": {
        "ACTIVE": 99.96440014239943,
        "INACTIVE": 0.04596010662744737,
        "INVALID": 0,
        "MALICIOUS": 0,
        "SANE": 0,
        "VALID": 0,
        "total": 100.01036024902687
    }
}