{
    "counter": {
        "ACTIVE": 1578,
        "INACTIVE": 1,
        "INVALID": 0,
        "MALICIOUS": 0,
        "SANE": 0,
        "VALID": 0,
        "total": 1579
    },
    "percentage": {
        "ACTIVE": 99.93666877770741,
        "INACTIVE": 0.07462686567164178,
        "INVALID": 0,
        "MALICIOUS": 0,
        "SANE": 0,
        "VALID": 0,
        "total": 100.01129564337906
    }
}