{
    "counter": {
        "ACTIVE": 6992,
        "INACTIVE": 170,
        "INVALID": 0,
        "MALICIOUS": 0,
        "SANE": 0,
        "VALID": 0,
        "total": 7162
    },
    "percentage": {
        "ACTIVE": 97.62636135157777,
        "INACTIVE": 2.395040856579318,
        "INVALID": 0,
        "MALICIOUS": 0,
        "SANE": 0,
        "VALID": 0,
        "total": 100.02140220815708
    }
}