{
    "counter": {
        "ACTIVE": 24200,
        "INACTIVE": 7,
        "INVALID": 0,
        "MALICIOUS": 0,
        "SANE": 0,
        "VALID": 0,
        "total": 24207
    },
    "percentage": {
        "ACTIVE": 99.97108274466063,
        "INACTIVE": 0.030966600309666,
        "INVALID": 0,
        "MALICIOUS": 0,
        "SANE": 0,
        "VALID": 0,
        "total": 100.0020493449703
    }
}