{
    "counter": {
        "ACTIVE": 7709,
        "INACTIVE": 204,
        "INVALID": 0,
        "MALICIOUS": 0,
        "SANE": 0,
        "VALID": 0,
        "total": 7913
    },
    "percentage": {
        "ACTIVE": 97.42196385694427,
        "INACTIVE": 2.580318745256767,
        "INVALID": 0,
        "MALICIOUS": 0,
        "SANE": 0,
        "VALID": 0,
        "total": 100.00228260220103
    }
}