{
    "counter": {
        "ACTIVE": 27158,
        "INACTIVE": 9,
        "INVALID": 0,
        "MALICIOUS": 0,
        "SANE": 0,
        "VALID": 0,
        "total": 27167
    },
    "percentage": {
        "ACTIVE": 99.96687157212794,
        "INACTIVE": 0.03395713854512526,
        "INVALID": 0,
        "MALICIOUS": 0,
        "SANE": 0,
        "VALID": 0,
        "total": 100.00082871067306
    }
}