{
    "counter": {
        "ACTIVE": 14024,
        "INACTIVE": 5,
        "INVALID": 0,
        "MALICIOUS": 0,
        "SANE": 0,
        "VALID": 0,
        "total": 14029
    },
    "percentage": {
        "ACTIVE": 99.96435954095088,
        "INACTIVE": 0.04596010662744737,
        "INVALID": 0,
        "MALICIOUS": 0,
        "SANE": 0,
        "VALID": 0,
        "total": 100.01031964757833
    }
}