{
    "counter": {
        "ACTIVE": 13068,
        "INACTIVE": 3,
        "INVALID": 0,
        "MALICIOUS": 0,
        "SANE": 0,
        "VALID": 0,
        "total": 13071
    },
    "percentage": {
        "ACTIVE": 99.97704842781731,
        "INACTIVE": 0.02321262766945218,
        "INVALID": 0,
        "MALICIOUS": 0,
        "SANE": 0,
        "VALID": 0,
        "total": 100.00026105548676
    }
}