{
    "counter": {
        "ACTIVE": 1896,
        "INACTIVE": 45,
        "INVALID": 0,
        "MALICIOUS": 0,
        "SANE": 0,
        "VALID": 0,
        "total": 1941
    },
    "percentage": {
        "ACTIVE": 97.68160741885626,
        "INACTIVE": 2.348643006263048,
        "INVALID": 0,
        "MALICIOUS": 0,
        "SANE": 0,
        "VALID": 0,
        "total": 100.0302504251193
    }
}