{
    "counter": {
        "ACTIVE": 8225,
        "INACTIVE": 224,
        "INVALID": 0,
        "MALICIOUS": 0,
        "SANE": 0,
        "VALID": 0,
        "total": 8449
    },
    "percentage": {
        "ACTIVE": 97.34879867439933,
        "INACTIVE": 2.677184175929246,
        "INVALID": 0,
        "MALICIOUS": 0,
        "SANE": 0,
        "VALID": 0,
        "total": 100.02598285032857
    }
}