{
    "counter": {
        "ACTIVE": 6350,
        "INACTIVE": 161,
        "INVALID": 0,
        "MALICIOUS": 0,
        "SANE": 0,
        "VALID": 0,
        "total": 6511
    },
    "percentage": {
        "ACTIVE": 97.52726155736445,
        "INACTIVE": 2.5274725274725274,
        "INVALID": 0,
        "MALICIOUS": 0,
        "SANE": 0,
        "VALID": 0,
        "total": 100.05473408483698
    }
}