{
    "counter": {
        "ACTIVE": 1343,
        "INACTIVE": 21,
        "INVALID": 0,
        "MALICIOUS": 0,
        "SANE": 0,
        "VALID": 0,
        "total": 1364
    },
    "percentage": {
        "ACTIVE": 98.53264856933235,
        "INACTIVE": 1.5395894428152492,
        "INVALID": 0,
        "MALICIOUS": 0,
        "SANE": 0,
        "VALID": 0,
        "total": 100.07223801214761
    }
}