{
    "counter": {
        "ACTIVE": 1969,
        "INACTIVE": 3,
        "INVALID": 0,
        "MALICIOUS": 0,
        "SANE": 0,
        "VALID": 0,
        "total": 1972
    },
    "percentage": {
        "ACTIVE": 99.84787018255578,
        "INACTIVE": 0.1551991722710812,
        "INVALID": 0,
        "MALICIOUS": 0,
        "SANE": 0,
        "VALID": 0,
        "total": 100.00306935482686
    }
}