{
    "counter": {
        "ACTIVE": 8138,
        "INACTIVE": 223,
        "INVALID": 0,
        "MALICIOUS": 0,
        "SANE": 0,
        "VALID": 0,
        "total": 8361
    },
    "percentage": {
        "ACTIVE": 97.33285492166009,
        "INACTIVE": 2.6684216824219216,
        "INVALID": 0,
        "MALICIOUS": 0,
        "SANE": 0,
        "VALID": 0,
        "total": 100.00127660408201
    }
}