{
    "counter": {
        "ACTIVE": 27190,
        "INACTIVE": 8,
        "INVALID": 0,
        "MALICIOUS": 0,
        "SANE": 0,
        "VALID": 0,
        "total": 27198
    },
    "percentage": {
        "ACTIVE": 99.97058607250533,
        "INACTIVE": 0.03002101471029721,
        "INVALID": 0,
        "MALICIOUS": 0,
        "SANE": 0,
        "VALID": 0,
        "total": 100.00060708721563
    }
}