{
    "counter": {
        "ACTIVE": 13724,
        "INACTIVE": 8,
        "INVALID": 0,
        "MALICIOUS": 0,
        "SANE": 0,
        "VALID": 0,
        "total": 13732
    },
    "percentage": {
        "ACTIVE": 99.94174191669094,
        "INACTIVE": 0.060436654831155096,
        "INVALID": 0,
        "MALICIOUS": 0,
        "SANE": 0,
        "VALID": 0,
        "total": 100.0021785715221
    }
}