{
    "counter": {
        "ACTIVE": 12322,
        "INACTIVE": 258,
        "INVALID": 0,
        "MALICIOUS": 0,
        "SANE": 0,
        "VALID": 0,
        "total": 12580
    },
    "percentage": {
        "ACTIVE": 97.94912559618442,
        "INACTIVE": 2.349726775956284,
        "INVALID": 0,
        "MALICIOUS": 0,
        "SANE": 0,
        "VALID": 0,
        "total": 100.2988523721407
    }
}