{
    "counter": {
        "ACTIVE": 4600,
        "INACTIVE": 139,
        "INVALID": 0,
        "MALICIOUS": 0,
        "SANE": 0,
        "VALID": 0,
        "total": 4739
    },
    "percentage": {
        "ACTIVE": 97.21048182586644,
        "INACTIVE": 2.9331082506857986,
        "INVALID": 0,
        "MALICIOUS": 0,
        "SANE": 0,
        "VALID": 0,
        "total": 100.14359007655224
    }
}