{
    "counter": {
        "ACTIVE": 12272,
        "INACTIVE": 3,
        "INVALID": 0,
        "MALICIOUS": 0,
        "SANE": 0,
        "VALID": 0,
        "total": 12275
    },
    "percentage": {
        "ACTIVE": 99.9755600814664,
        "INACTIVE": 0.03211303789338472,
        "INVALID": 0,
        "MALICIOUS": 0,
        "SANE": 0,
        "VALID": 0,
        "total": 100.00767311935978
    }
}