{
    "counter": {
        "ACTIVE": 12032,
        "INACTIVE": 1,
        "INVALID": 0,
        "MALICIOUS": 0,
        "SANE": 0,
        "VALID": 0,
        "total": 12033
    },
    "percentage": {
        "ACTIVE": 99.99168952048534,
        "INACTIVE": 0.009424182452172273,
        "INVALID": 0,
        "MALICIOUS": 0,
        "SANE": 0,
        "VALID": 0,
        "total": 100.00111370293752
    }
}