{
    "counter": {
        "ACTIVE": 11428,
        "INACTIVE": 1,
        "INVALID": 0,
        "MALICIOUS": 0,
        "SANE": 0,
        "VALID": 0,
        "total": 11429
    },
    "percentage": {
        "ACTIVE": 99.9912503281127,
        "INACTIVE": 0.20242914979757085,
        "INVALID": 0,
        "MALICIOUS": 0,
        "SANE": 0,
        "VALID": 0,
        "total": 100.19367947791027
    }
}