{
    "counter": {
        "ACTIVE": 1196,
        "INACTIVE": 19,
        "INVALID": 0,
        "MALICIOUS": 0,
        "SANE": 0,
        "VALID": 0,
        "total": 1215
    },
    "percentage": {
        "ACTIVE": 98.43621399176955,
        "INACTIVE": 1.5676567656765676,
        "INVALID": 0,
        "MALICIOUS": 0,
        "SANE": 0,
        "VALID": 0,
        "total": 100.00387075744612
    }
}