{
    "counter": {
        "ACTIVE": 182,
        "INACTIVE": 4,
        "INVALID": 0,
        "MALICIOUS": 0,
        "SANE": 0,
        "VALID": 0,
        "total": 186
    },
    "percentage": {
        "ACTIVE": 97.84946236559139,
        "INACTIVE": 2.247191011235955,
        "INVALID": 0,
        "MALICIOUS": 0,
        "SANE": 0,
        "VALID": 0,
        "total": 100.09665337682735
    }
}