{
    "counter": {
        "ACTIVE": 1901,
        "INACTIVE": 1,
        "INVALID": 0,
        "MALICIOUS": 0,
        "SANE": 0,
        "VALID": 0,
        "total": 1902
    },
    "percentage": {
        "ACTIVE": 99.94742376445846,
        "INACTIVE": 0.12610340479192939,
        "INVALID": 0,
        "MALICIOUS": 0,
        "SANE": 0,
        "VALID": 0,
        "total": 100.0735271692504
    }
}