{
    "counter": {
        "ACTIVE": 13763,
        "INACTIVE": 2,
        "INVALID": 0,
        "MALICIOUS": 0,
        "SANE": 0,
        "VALID": 0,
        "total": 13765
    },
    "percentage": {
        "ACTIVE": 99.98547039593171,
        "INACTIVE": 0.0158052789631737,
        "INVALID": 0,
        "MALICIOUS": 0,
        "SANE": 0,
        "VALID": 0,
        "total": 100.00127567489488
    }
}