{
    "counter": {
        "ACTIVE": 11463,
        "INACTIVE": 10,
        "INVALID": 0,
        "MALICIOUS": 0,
        "SANE": 0,
        "VALID": 0,
        "total": 11473
    },
    "percentage": {
        "ACTIVE": 99.91283883901333,
        "INACTIVE": 0.0881057268722467,
        "INVALID": 0,
        "MALICIOUS": 0,
        "SANE": 0,
        "VALID": 0,
        "total": 100.00094456588558
    }
}