{
    "counter": {
        "ACTIVE": 13413,
        "INACTIVE": 16,
        "INVALID": 0,
        "MALICIOUS": 0,
        "SANE": 0,
        "VALID": 0,
        "total": 13429
    },
    "percentage": {
        "ACTIVE": 99.88085486633405,
        "INACTIVE": 0.12538202335240184,
        "INVALID": 0,
        "MALICIOUS": 0,
        "SANE": 0,
        "VALID": 0,
        "total": 100.00623688968645
    }
}