{
    "counter": {
        "ACTIVE": 14004,
        "INACTIVE": 6,
        "INVALID": 0,
        "MALICIOUS": 0,
        "SANE": 0,
        "VALID": 0,
        "total": 14010
    },
    "percentage": {
        "ACTIVE": 99.95717344753747,
        "INACTIVE": 0.05515212795293685,
        "INVALID": 0,
        "MALICIOUS": 0,
        "SANE": 0,
        "VALID": 0,
        "total": 100.01232557549041
    }
}