{
    "counter": {
        "ACTIVE": 13543,
        "INACTIVE": 1,
        "INVALID": 0,
        "MALICIOUS": 0,
        "SANE": 0,
        "VALID": 0,
        "total": 13544
    },
    "percentage": {
        "ACTIVE": 99.99261665682221,
        "INACTIVE": 0.008664760419374404,
        "INVALID": 0,
        "MALICIOUS": 0,
        "SANE": 0,
        "VALID": 0,
        "total": 100.00128141724159
    }
}