{
    "counter": {
        "ACTIVE": 12945,
        "INACTIVE": 16,
        "INVALID": 0,
        "MALICIOUS": 0,
        "SANE": 0,
        "VALID": 0,
        "total": 12961
    },
    "percentage": {
        "ACTIVE": 99.87655273512846,
        "INACTIVE": 0.12538202335240184,
        "INVALID": 0,
        "MALICIOUS": 0,
        "SANE": 0,
        "VALID": 0,
        "total": 100.00193475848086
    }
}