{
    "counter": {
        "ACTIVE": 1865,
        "INACTIVE": 44,
        "INVALID": 0,
        "MALICIOUS": 0,
        "SANE": 0,
        "VALID": 0,
        "total": 1909
    },
    "percentage": {
        "ACTIVE": 97.69512833944474,
        "INACTIVE": 2.3157894736842106,
        "INVALID": 0,
        "MALICIOUS": 0,
        "SANE": 0,
        "VALID": 0,
        "total": 100.01091781312894
    }
}