{
    "counter": {
        "ACTIVE": 12371,
        "INACTIVE": 11,
        "INVALID": 0,
        "MALICIOUS": 0,
        "SANE": 0,
        "VALID": 0,
        "total": 12382
    },
    "percentage": {
        "ACTIVE": 99.91116136326926,
        "INACTIVE": 0.09006796037009744,
        "INVALID": 0,
        "MALICIOUS": 0,
        "SANE": 0,
        "VALID": 0,
        "total": 100.00122932363935
    }
}