{
    "counter": {
        "ACTIVE": 7318,
        "INACTIVE": 186,
        "INVALID": 0,
        "MALICIOUS": 0,
        "SANE": 0,
        "VALID": 0,
        "total": 7504
    },
    "percentage": {
        "ACTIVE": 97.52132196162047,
        "INACTIVE": 2.4819855884707764,
        "INVALID": 0,
        "MALICIOUS": 0,
        "SANE": 0,
        "VALID": 0,
        "total": 100.00330755009125
    }
}