{
    "counter": {
        "ACTIVE": 3691,
        "INACTIVE": 99,
        "INVALID": 0,
        "MALICIOUS": 0,
        "SANE": 0,
        "VALID": 0,
        "total": 3790
    },
    "percentage": {
        "ACTIVE": 97.38786279683377,
        "INACTIVE": 2.6183549325575246,
        "INVALID": 0,
        "MALICIOUS": 0,
        "SANE": 0,
        "VALID": 0,
        "total": 100.0062177293913
    }
}