{
    "counter": {
        "ACTIVE": 1884,
        "INACTIVE": 45,
        "INVALID": 0,
        "MALICIOUS": 0,
        "SANE": 0,
        "VALID": 0,
        "total": 1929
    },
    "percentage": {
        "ACTIVE": 97.66718506998444,
        "INACTIVE": 2.348643006263048,
        "INVALID": 0,
        "MALICIOUS": 0,
        "SANE": 0,
        "VALID": 0,
        "total": 100.01582807624749
    }
}