{
    "counter": {
        "ACTIVE": 8024,
        "INACTIVE": 216,
        "INVALID": 0,
        "MALICIOUS": 0,
        "SANE": 0,
        "VALID": 0,
        "total": 8240
    },
    "percentage": {
        "ACTIVE": 97.37864077669903,
        "INACTIVE": 2.629336579427876,
        "INVALID": 0,
        "MALICIOUS": 0,
        "SANE": 0,
        "VALID": 0,
        "total": 100.0079773561269
    }
}