{
    "counter": {
        "ACTIVE": 14128,
        "INACTIVE": 2,
        "INVALID": 0,
        "MALICIOUS": 0,
        "SANE": 0,
        "VALID": 0,
        "total": 14130
    },
    "percentage": {
        "ACTIVE": 99.9858457183298,
        "INACTIVE": 0.021285653469561516,
        "INVALID": 0,
        "MALICIOUS": 0,
        "SANE": 0,
        "VALID": 0,
        "total": 100.00713137179936
    }
}