{
    "counter": {
        "ACTIVE": 16285,
        "INACTIVE": 142,
        "INVALID": 1,
        "MALICIOUS": 0,
        "SANE": 0,
        "VALID": 0,
        "total": 16428
    },
    "percentage": {
        "ACTIVE": 99.12953494034575,
        "INACTIVE": 0.9121860345602878,
        "INVALID": 0.03421142661648991,
        "MALICIOUS": 0,
        "SANE": 0,
        "VALID": 0,
        "total": 100.07593240152254
    }
}