{
    "counter": {
        "ACTIVE": 6966,
        "INACTIVE": 170,
        "INVALID": 0,
        "MALICIOUS": 0,
        "SANE": 0,
        "VALID": 0,
        "total": 7136
    },
    "percentage": {
        "ACTIVE": 97.6177130044843,
        "INACTIVE": 2.395040856579318,
        "INVALID": 0,
        "MALICIOUS": 0,
        "SANE": 0,
        "VALID": 0,
        "total": 100.01275386106362
    }
}