{
    "counter": {
        "ACTIVE": 11917,
        "INACTIVE": 1,
        "INVALID": 0,
        "MALICIOUS": 0,
        "SANE": 0,
        "VALID": 0,
        "total": 11918
    },
    "percentage": {
        "ACTIVE": 99.99160933042457,
        "INACTIVE": 0.009424182452172273,
        "INVALID": 0,
        "MALICIOUS": 0,
        "SANE": 0,
        "VALID": 0,
        "total": 100.00103351287675
    }
}