{
    "counter": {
        "ACTIVE": 3880,
        "INACTIVE": 1,
        "INVALID": 0,
        "MALICIOUS": 0,
        "SANE": 0,
        "VALID": 0,
        "total": 3881
    },
    "percentage": {
        "ACTIVE": 99.9742334449884,
        "INACTIVE": 0.07473841554559044,
        "INVALID": 0,
        "MALICIOUS": 0,
        "SANE": 0,
        "VALID": 0,
        "total": 100.048971860534
    }
}