{
    "counter": {
        "ACTIVE": 11875,
        "INACTIVE": 1,
        "INVALID": 0,
        "MALICIOUS": 0,
        "SANE": 0,
        "VALID": 0,
        "total": 11876
    },
    "percentage": {
        "ACTIVE": 99.99157965644999,
        "INACTIVE": 0.20242914979757085,
        "INVALID": 0,
        "MALICIOUS": 0,
        "SANE": 0,
        "VALID": 0,
        "total": 100.19400880624755
    }
}