{
    "counter": {
        "ACTIVE": 1856,
        "INACTIVE": 44,
        "INVALID": 0,
        "MALICIOUS": 0,
        "SANE": 0,
        "VALID": 0,
        "total": 1900
    },
    "percentage": {
        "ACTIVE": 97.73565034228541,
        "INACTIVE": 2.3157894736842106,
        "INVALID": 0,
        "MALICIOUS": 0,
        "SANE": 0,
        "VALID": 0,
        "total": 100.05143981596962
    }
}