{
    "counter": {
        "ACTIVE": 12334,
        "INACTIVE": 1,
        "INVALID": 0,
        "MALICIOUS": 0,
        "SANE": 0,
        "VALID": 0,
        "total": 12335
    },
    "percentage": {
        "ACTIVE": 99.99189298743413,
        "INACTIVE": 0.00942507068803016,
        "INVALID": 0,
        "MALICIOUS": 0,
        "SANE": 0,
        "VALID": 0,
        "total": 100.00131805812215
    }
}