{
    "counter": {
        "ACTIVE": 24338,
        "INACTIVE": 13,
        "INVALID": 0,
        "MALICIOUS": 0,
        "SANE": 0,
        "VALID": 0,
        "total": 24351
    },
    "percentage": {
        "ACTIVE": 99.94661410209027,
        "INACTIVE": 0.054713804713804715,
        "INVALID": 0,
        "MALICIOUS": 0,
        "SANE": 0,
        "VALID": 0,
        "total": 100.00132790680406
    }
}