{
    "counter": {
        "ACTIVE": 6171,
        "INACTIVE": 159,
        "INVALID": 0,
        "MALICIOUS": 0,
        "SANE": 0,
        "VALID": 0,
        "total": 6330
    },
    "percentage": {
        "ACTIVE": 97.48815165876778,
        "INACTIVE": 2.5866276232308443,
        "INVALID": 0,
        "MALICIOUS": 0,
        "SANE": 0,
        "VALID": 0,
        "total": 100.07477928199862
    }
}