{
    "counter": {
        "ACTIVE": 2129,
        "INACTIVE": 78,
        "INVALID": 0,
        "MALICIOUS": 0,
        "SANE": 0,
        "VALID": 0,
        "total": 2207
    },
    "percentage": {
        "ACTIVE": 96.46579066606253,
        "INACTIVE": 3.611111111111111,
        "INVALID": 0,
        "MALICIOUS": 0,
        "SANE": 0,
        "VALID": 0,
        "total": 100.07690177717365
    }
}