{
    "counter": {
        "ACTIVE": 12861,
        "INACTIVE": 16,
        "INVALID": 0,
        "MALICIOUS": 0,
        "SANE": 0,
        "VALID": 0,
        "total": 12877
    },
    "percentage": {
        "ACTIVE": 99.87574745670575,
        "INACTIVE": 0.12429115202361532,
        "INVALID": 0,
        "MALICIOUS": 0,
        "SANE": 0,
        "VALID": 0,
        "total": 100.00003860872937
    }
}