{
    "counter": {
        "ACTIVE": 1628,
        "INACTIVE": 1,
        "INVALID": 0,
        "MALICIOUS": 0,
        "SANE": 0,
        "VALID": 0,
        "total": 1629
    },
    "percentage": {
        "ACTIVE": 99.93861264579496,
        "INACTIVE": 0.07507507507507508,
        "INVALID": 0,
        "MALICIOUS": 0,
        "SANE": 0,
        "VALID": 0,
        "total": 100.01368772087004
    }
}