{
    "counter": {
        "ACTIVE": 537,
        "INACTIVE": 12,
        "INVALID": 0,
        "MALICIOUS": 0,
        "SANE": 0,
        "VALID": 0,
        "total": 549
    },
    "percentage": {
        "ACTIVE": 97.81420765027322,
        "INACTIVE": 2.5477707006369426,
        "INVALID": 0,
        "MALICIOUS": 0,
        "SANE": 0,
        "VALID": 0,
        "total": 100.36197835091016
    }
}