{
    "counter": {
        "ACTIVE": 78405,
        "INACTIVE": 435,
        "INVALID": 2,
        "MALICIOUS": 0,
        "SANE": 0,
        "VALID": 0,
        "total": 78842
    },
    "percentage": {
        "ACTIVE": 99.44572689683164,
        "INACTIVE": 0.5592697351504242,
        "INVALID": 0.012170632264346132,
        "MALICIOUS": 0,
        "SANE": 0,
        "VALID": 0,
        "total": 100.01716726424641
    }
}