{
    "counter": {
        "ACTIVE": 27165,
        "INACTIVE": 11,
        "INVALID": 0,
        "MALICIOUS": 0,
        "SANE": 0,
        "VALID": 0,
        "total": 27176
    },
    "percentage": {
        "ACTIVE": 99.95952310862526,
        "INACTIVE": 0.04374627162457745,
        "INVALID": 0,
        "MALICIOUS": 0,
        "SANE": 0,
        "VALID": 0,
        "total": 100.00326938024983
    }
}