{
    "counter": {
        "ACTIVE": 12729,
        "INACTIVE": 1,
        "INVALID": 0,
        "MALICIOUS": 0,
        "SANE": 0,
        "VALID": 0,
        "total": 12730
    },
    "percentage": {
        "ACTIVE": 99.99214454045561,
        "INACTIVE": 0.042034468263976464,
        "INVALID": 0,
        "MALICIOUS": 0,
        "SANE": 0,
        "VALID": 0,
        "total": 100.03417900871959
    }
}