{
    "counter": {
        "ACTIVE": 27214,
        "INACTIVE": 8,
        "INVALID": 0,
        "MALICIOUS": 0,
        "SANE": 0,
        "VALID": 0,
        "total": 27222
    },
    "percentage": {
        "ACTIVE": 99.97061200499596,
        "INACTIVE": 0.03002101471029721,
        "INVALID": 0,
        "MALICIOUS": 0,
        "SANE": 0,
        "VALID": 0,
        "total": 100.00063301970626
    }
}