{
    "counter": {
        "ACTIVE": 4446,
        "INACTIVE": 122,
        "INVALID": 0,
        "MALICIOUS": 0,
        "SANE": 0,
        "VALID": 0,
        "total": 4568
    },
    "percentage": {
        "ACTIVE": 97.3292469352014,
        "INACTIVE": 2.6713378585504706,
        "INVALID": 0,
        "MALICIOUS": 0,
        "SANE": 0,
        "VALID": 0,
        "total": 100.00058479375187
    }
}