{
    "counter": {
        "ACTIVE": 1688,
        "INACTIVE": 37,
        "INVALID": 0,
        "MALICIOUS": 0,
        "SANE": 0,
        "VALID": 0,
        "total": 1725
    },
    "percentage": {
        "ACTIVE": 97.85507246376811,
        "INACTIVE": 2.149912841371296,
        "INVALID": 0,
        "MALICIOUS": 0,
        "SANE": 0,
        "VALID": 0,
        "total": 100.0049853051394
    }
}