{
    "counter": {
        "ACTIVE": 13116,
        "INACTIVE": 3,
        "INVALID": 0,
        "MALICIOUS": 0,
        "SANE": 0,
        "VALID": 0,
        "total": 13119
    },
    "percentage": {
        "ACTIVE": 99.9771324033844,
        "INACTIVE": 0.02319468068656255,
        "INVALID": 0,
        "MALICIOUS": 0,
        "SANE": 0,
        "VALID": 0,
        "total": 100.00032708407096
    }
}