{
    "counter": {
        "ACTIVE": 27186,
        "INACTIVE": 8,
        "INVALID": 0,
        "MALICIOUS": 0,
        "SANE": 0,
        "VALID": 0,
        "total": 27194
    },
    "percentage": {
        "ACTIVE": 99.97058174597338,
        "INACTIVE": 0.03002101471029721,
        "INVALID": 0,
        "MALICIOUS": 0,
        "SANE": 0,
        "VALID": 0,
        "total": 100.00060276068368
    }
}