{
    "counter": {
        "ACTIVE": 1851,
        "INACTIVE": 43,
        "INVALID": 0,
        "MALICIOUS": 0,
        "SANE": 0,
        "VALID": 0,
        "total": 1894
    },
    "percentage": {
        "ACTIVE": 97.72967265047518,
        "INACTIVE": 2.271526677231907,
        "INVALID": 0,
        "MALICIOUS": 0,
        "SANE": 0,
        "VALID": 0,
        "total": 100.00119932770708
    }
}