{
    "counter": {
        "ACTIVE": 25057,
        "INACTIVE": 10,
        "INVALID": 0,
        "MALICIOUS": 0,
        "SANE": 0,
        "VALID": 0,
        "total": 25067
    },
    "percentage": {
        "ACTIVE": 99.96010691347189,
        "INACTIVE": 0.041109969167523124,
        "INVALID": 0,
        "MALICIOUS": 0,
        "SANE": 0,
        "VALID": 0,
        "total": 100.00121688263941
    }
}