{
    "counter": {
        "ACTIVE": 1414,
        "INACTIVE": 24,
        "INVALID": 0,
        "MALICIOUS": 0,
        "SANE": 0,
        "VALID": 0,
        "total": 1438
    },
    "percentage": {
        "ACTIVE": 98.33101529902642,
        "INACTIVE": 1.675977653631285,
        "INVALID": 0,
        "MALICIOUS": 0,
        "SANE": 0,
        "VALID": 0,
        "total": 100.0069929526577
    }
}