{
    "counter": {
        "ACTIVE": 4697,
        "INACTIVE": 116,
        "INVALID": 0,
        "MALICIOUS": 0,
        "SANE": 0,
        "VALID": 0,
        "total": 4813
    },
    "percentage": {
        "ACTIVE": 97.67103347889375,
        "INACTIVE": 2.410139206316227,
        "INVALID": 0,
        "MALICIOUS": 0,
        "SANE": 0,
        "VALID": 0,
        "total": 100.08117268520998
    }
}