{
    "counter": {
        "ACTIVE": 13925,
        "INACTIVE": 1,
        "INVALID": 0,
        "MALICIOUS": 0,
        "SANE": 0,
        "VALID": 0,
        "total": 13926
    },
    "percentage": {
        "ACTIVE": 99.99281918713199,
        "INACTIVE": 0.01013273887931908,
        "INVALID": 0,
        "MALICIOUS": 0,
        "SANE": 0,
        "VALID": 0,
        "total": 100.0029519260113
    }
}