{
    "counter": {
        "ACTIVE": 1576,
        "INACTIVE": 33,
        "INVALID": 0,
        "MALICIOUS": 0,
        "SANE": 0,
        "VALID": 0,
        "total": 1609
    },
    "percentage": {
        "ACTIVE": 97.94903666873834,
        "INACTIVE": 2.057356608478803,
        "INVALID": 0,
        "MALICIOUS": 0,
        "SANE": 0,
        "VALID": 0,
        "total": 100.00639327721714
    }
}