{
    "counter": {
        "ACTIVE": 4542,
        "INACTIVE": 122,
        "INVALID": 0,
        "MALICIOUS": 0,
        "SANE": 0,
        "VALID": 0,
        "total": 4664
    },
    "percentage": {
        "ACTIVE": 97.38421955403088,
        "INACTIVE": 2.6713378585504706,
        "INVALID": 0,
        "MALICIOUS": 0,
        "SANE": 0,
        "VALID": 0,
        "total": 100.05555741258135
    }
}