{
    "counter": {
        "ACTIVE": 26707,
        "INACTIVE": 14,
        "INVALID": 0,
        "MALICIOUS": 0,
        "SANE": 0,
        "VALID": 0,
        "total": 26721
    },
    "percentage": {
        "ACTIVE": 99.94760675124434,
        "INACTIVE": 0.05362751857810465,
        "INVALID": 0,
        "MALICIOUS": 0,
        "SANE": 0,
        "VALID": 0,
        "total": 100.00123426982245
    }
}