{
    "counter": {
        "ACTIVE": 5193,
        "INACTIVE": 146,
        "INVALID": 0,
        "MALICIOUS": 0,
        "SANE": 0,
        "VALID": 0,
        "total": 5339
    },
    "percentage": {
        "ACTIVE": 97.26540550664919,
        "INACTIVE": 2.76149044826934,
        "INVALID": 0,
        "MALICIOUS": 0,
        "SANE": 0,
        "VALID": 0,
        "total": 100.02689595491853
    }
}