{
    "counter": {
        "ACTIVE": 13548,
        "INACTIVE": 3,
        "INVALID": 0,
        "MALICIOUS": 0,
        "SANE": 0,
        "VALID": 0,
        "total": 13551
    },
    "percentage": {
        "ACTIVE": 99.97786141244188,
        "INACTIVE": 0.02599428125812321,
        "INVALID": 0,
        "MALICIOUS": 0,
        "SANE": 0,
        "VALID": 0,
        "total": 100.0038556937
    }
}