{
    "counter": {
        "ACTIVE": 2470,
        "INACTIVE": 81,
        "INVALID": 0,
        "MALICIOUS": 0,
        "SANE": 0,
        "VALID": 0,
        "total": 2551
    },
    "percentage": {
        "ACTIVE": 96.82477459819678,
        "INACTIVE": 3.241296518607443,
        "INVALID": 0,
        "MALICIOUS": 0,
        "SANE": 0,
        "VALID": 0,
        "total": 100.06607111680422
    }
}