{
    "counter": {
        "ACTIVE": 24503,
        "INACTIVE": 12,
        "INVALID": 0,
        "MALICIOUS": 0,
        "SANE": 0,
        "VALID": 0,
        "total": 24515
    },
    "percentage": {
        "ACTIVE": 99.95105037732,
        "INACTIVE": 0.050261780104712044,
        "INVALID": 0,
        "MALICIOUS": 0,
        "SANE": 0,
        "VALID": 0,
        "total": 100.0013121574247
    }
}