{
    "counter": {
        "ACTIVE": 12012,
        "INACTIVE": 9,
        "INVALID": 0,
        "MALICIOUS": 0,
        "SANE": 0,
        "VALID": 0,
        "total": 12021
    },
    "percentage": {
        "ACTIVE": 99.92513102071375,
        "INACTIVE": 0.07934408886537953,
        "INVALID": 0,
        "MALICIOUS": 0,
        "SANE": 0,
        "VALID": 0,
        "total": 100.00447510957913
    }
}