{
    "counter": {
        "ACTIVE": 27164,
        "INACTIVE": 9,
        "INVALID": 0,
        "MALICIOUS": 0,
        "SANE": 0,
        "VALID": 0,
        "total": 27173
    },
    "percentage": {
        "ACTIVE": 99.9668788871306,
        "INACTIVE": 0.03395713854512526,
        "INVALID": 0,
        "MALICIOUS": 0,
        "SANE": 0,
        "VALID": 0,
        "total": 100.00083602567572
    }
}