{
    "counter": {
        "ACTIVE": 14038,
        "INACTIVE": 5,
        "INVALID": 0,
        "MALICIOUS": 0,
        "SANE": 0,
        "VALID": 0,
        "total": 14043
    },
    "percentage": {
        "ACTIVE": 99.96439507227801,
        "INACTIVE": 0.04596010662744737,
        "INVALID": 0,
        "MALICIOUS": 0,
        "SANE": 0,
        "VALID": 0,
        "total": 100.01035517890546
    }
}