{
    "counter": {
        "ACTIVE": 2080,
        "INACTIVE": 49,
        "INVALID": 0,
        "MALICIOUS": 0,
        "SANE": 0,
        "VALID": 0,
        "total": 2129
    },
    "percentage": {
        "ACTIVE": 97.6984499765148,
        "INACTIVE": 2.3377862595419847,
        "INVALID": 0,
        "MALICIOUS": 0,
        "SANE": 0,
        "VALID": 0,
        "total": 100.03623623605678
    }
}