{
    "counter": {
        "ACTIVE": 8487,
        "INACTIVE": 237,
        "INVALID": 0,
        "MALICIOUS": 0,
        "SANE": 0,
        "VALID": 0,
        "total": 8724
    },
    "percentage": {
        "ACTIVE": 97.28335625859697,
        "INACTIVE": 2.7257044278320874,
        "INVALID": 0,
        "MALICIOUS": 0,
        "SANE": 0,
        "VALID": 0,
        "total": 100.00906068642905
    }
}