{
    "counter": {
        "ACTIVE": 15486,
        "INACTIVE": 1,
        "INVALID": 0,
        "MALICIOUS": 0,
        "SANE": 0,
        "VALID": 0,
        "total": 15487
    },
    "percentage": {
        "ACTIVE": 99.9935429715245,
        "INACTIVE": 0.008664760419374404,
        "INVALID": 0,
        "MALICIOUS": 0,
        "SANE": 0,
        "VALID": 0,
        "total": 100.00220773194388
    }
}