{
    "counter": {
        "ACTIVE": 11977,
        "INACTIVE": 6,
        "INVALID": 0,
        "MALICIOUS": 0,
        "SANE": 0,
        "VALID": 0,
        "total": 11983
    },
    "percentage": {
        "ACTIVE": 99.94992906617708,
        "INACTIVE": 0.0666740748972108,
        "INVALID": 0,
        "MALICIOUS": 0,
        "SANE": 0,
        "VALID": 0,
        "total": 100.01660314107428
    }
}