{
    "counter": {
        "ACTIVE": 2639,
        "INACTIVE": 6,
        "INVALID": 0,
        "MALICIOUS": 0,
        "SANE": 0,
        "VALID": 0,
        "total": 2645
    },
    "percentage": {
        "ACTIVE": 99.77315689981097,
        "INACTIVE": 0.31088082901554404,
        "INVALID": 0,
        "MALICIOUS": 0,
        "SANE": 0,
        "VALID": 0,
        "total": 100.08403772882652
    }
}