{
    "counter": {
        "ACTIVE": 12794,
        "INACTIVE": 8,
        "INVALID": 0,
        "MALICIOUS": 0,
        "SANE": 0,
        "VALID": 0,
        "total": 12802
    },
    "percentage": {
        "ACTIVE": 99.93750976409936,
        "INACTIVE": 0.0730260155180283,
        "INVALID": 0,
        "MALICIOUS": 0,
        "SANE": 0,
        "VALID": 0,
        "total": 100.01053577961738
    }
}