{
    "counter": {
        "ACTIVE": 5890,
        "INACTIVE": 158,
        "INVALID": 0,
        "MALICIOUS": 0,
        "SANE": 0,
        "VALID": 0,
        "total": 6048
    },
    "percentage": {
        "ACTIVE": 97.38756613756614,
        "INACTIVE": 2.6346506586626646,
        "INVALID": 0,
        "MALICIOUS": 0,
        "SANE": 0,
        "VALID": 0,
        "total": 100.0222167962288
    }
}