{
    "counter": {
        "ACTIVE": 13551,
        "INACTIVE": 5,
        "INVALID": 0,
        "MALICIOUS": 0,
        "SANE": 0,
        "VALID": 0,
        "total": 13556
    },
    "percentage": {
        "ACTIVE": 99.96311596341104,
        "INACTIVE": 0.03935458480913026,
        "INVALID": 0,
        "MALICIOUS": 0,
        "SANE": 0,
        "VALID": 0,
        "total": 100.00247054822017
    }
}