{
    "counter": {
        "ACTIVE": 13257,
        "INACTIVE": 9,
        "INVALID": 0,
        "MALICIOUS": 0,
        "SANE": 0,
        "VALID": 0,
        "total": 13266
    },
    "percentage": {
        "ACTIVE": 99.93215739484395,
        "INACTIVE": 0.0706713780918728,
        "INVALID": 0,
        "MALICIOUS": 0,
        "SANE": 0,
        "VALID": 0,
        "total": 100.00282877293583
    }
}