{
    "counter": {
        "ACTIVE": 7321,
        "INACTIVE": 187,
        "INVALID": 0,
        "MALICIOUS": 0,
        "SANE": 0,
        "VALID": 0,
        "total": 7508
    },
    "percentage": {
        "ACTIVE": 97.50932338838572,
        "INACTIVE": 2.4910083921673105,
        "INVALID": 0,
        "MALICIOUS": 0,
        "SANE": 0,
        "VALID": 0,
        "total": 100.00033178055304
    }
}