{
    "counter": {
        "ACTIVE": 23273,
        "INACTIVE": 11,
        "INVALID": 0,
        "MALICIOUS": 0,
        "SANE": 0,
        "VALID": 0,
        "total": 23284
    },
    "percentage": {
        "ACTIVE": 99.95275725820306,
        "INACTIVE": 0.0498527079084523,
        "INVALID": 0,
        "MALICIOUS": 0,
        "SANE": 0,
        "VALID": 0,
        "total": 100.00260996611152
    }
}