{
    "counter": {
        "ACTIVE": 3920,
        "INACTIVE": 110,
        "INVALID": 0,
        "MALICIOUS": 0,
        "SANE": 0,
        "VALID": 0,
        "total": 4030
    },
    "percentage": {
        "ACTIVE": 97.27047146401985,
        "INACTIVE": 2.7438263906211025,
        "INVALID": 0,
        "MALICIOUS": 0,
        "SANE": 0,
        "VALID": 0,
        "total": 100.01429785464096
    }
}