{
    "counter": {
        "ACTIVE": 13365,
        "INACTIVE": 262,
        "INVALID": 0,
        "MALICIOUS": 0,
        "SANE": 0,
        "VALID": 0,
        "total": 13627
    },
    "percentage": {
        "ACTIVE": 98.0773464445586,
        "INACTIVE": 1.9482450922070196,
        "INVALID": 0,
        "MALICIOUS": 0,
        "SANE": 0,
        "VALID": 0,
        "total": 100.02559153676562
    }
}