{
    "counter": {
        "ACTIVE": 11513,
        "INACTIVE": 260,
        "INVALID": 0,
        "MALICIOUS": 0,
        "SANE": 0,
        "VALID": 0,
        "total": 11773
    },
    "percentage": {
        "ACTIVE": 97.7915569523486,
        "INACTIVE": 2.369020501138952,
        "INVALID": 0,
        "MALICIOUS": 0,
        "SANE": 0,
        "VALID": 0,
        "total": 100.16057745348755
    }
}