{
    "counter": {
        "ACTIVE": 27170,
        "INACTIVE": 8,
        "INVALID": 0,
        "MALICIOUS": 0,
        "SANE": 0,
        "VALID": 0,
        "total": 27178
    },
    "percentage": {
        "ACTIVE": 99.97056442711016,
        "INACTIVE": 0.03018412315122246,
        "INVALID": 0,
        "MALICIOUS": 0,
        "SANE": 0,
        "VALID": 0,
        "total": 100.00074855026138
    }
}