{
    "counter": {
        "ACTIVE": 5765,
        "INACTIVE": 154,
        "INVALID": 0,
        "MALICIOUS": 0,
        "SANE": 0,
        "VALID": 0,
        "total": 5919
    },
    "percentage": {
        "ACTIVE": 97.39820915695219,
        "INACTIVE": 2.681992337164751,
        "INVALID": 0,
        "MALICIOUS": 0,
        "SANE": 0,
        "VALID": 0,
        "total": 100.08020149411695
    }
}