{
    "counter": {
        "ACTIVE": 3083,
        "INACTIVE": 1,
        "INVALID": 0,
        "MALICIOUS": 0,
        "SANE": 0,
        "VALID": 0,
        "total": 3084
    },
    "percentage": {
        "ACTIVE": 99.96757457846952,
        "INACTIVE": 0.07457121551081283,
        "INVALID": 0,
        "MALICIOUS": 0,
        "SANE": 0,
        "VALID": 0,
        "total": 100.04214579398034
    }
}