{
    "counter": {
        "ACTIVE": 27178,
        "INACTIVE": 8,
        "INVALID": 0,
        "MALICIOUS": 0,
        "SANE": 0,
        "VALID": 0,
        "total": 27186
    },
    "percentage": {
        "ACTIVE": 99.97057308908997,
        "INACTIVE": 0.03002101471029721,
        "INVALID": 0,
        "MALICIOUS": 0,
        "SANE": 0,
        "VALID": 0,
        "total": 100.00059410380027
    }
}