{
    "counter": {
        "ACTIVE": 7904,
        "INACTIVE": 212,
        "INVALID": 0,
        "MALICIOUS": 0,
        "SANE": 0,
        "VALID": 0,
        "total": 8116
    },
    "percentage": {
        "ACTIVE": 97.38787580088713,
        "INACTIVE": 2.6224641266699655,
        "INVALID": 0,
        "MALICIOUS": 0,
        "SANE": 0,
        "VALID": 0,
        "total": 100.0103399275571
    }
}