{
    "counter": {
        "ACTIVE": 6209,
        "INACTIVE": 161,
        "INVALID": 0,
        "MALICIOUS": 0,
        "SANE": 0,
        "VALID": 0,
        "total": 6370
    },
    "percentage": {
        "ACTIVE": 97.48783168472288,
        "INACTIVE": 2.5274725274725274,
        "INVALID": 0,
        "MALICIOUS": 0,
        "SANE": 0,
        "VALID": 0,
        "total": 100.0153042121954
    }
}