{
    "counter": {
        "ACTIVE": 2036,
        "INACTIVE": 10,
        "INVALID": 0,
        "MALICIOUS": 0,
        "SANE": 0,
        "VALID": 0,
        "total": 2046
    },
    "percentage": {
        "ACTIVE": 99.51124144672532,
        "INACTIVE": 0.6514657980456026,
        "INVALID": 0,
        "MALICIOUS": 0,
        "SANE": 0,
        "VALID": 0,
        "total": 100.16270724477093
    }
}