{
    "counter": {
        "ACTIVE": 4303,
        "INACTIVE": 118,
        "INVALID": 0,
        "MALICIOUS": 0,
        "SANE": 0,
        "VALID": 0,
        "total": 4421
    },
    "percentage": {
        "ACTIVE": 97.3529411764706,
        "INACTIVE": 2.669079393802307,
        "INVALID": 0,
        "MALICIOUS": 0,
        "SANE": 0,
        "VALID": 0,
        "total": 100.0220205702729
    }
}