{
    "counter": {
        "ACTIVE": 23841,
        "INACTIVE": 7,
        "INVALID": 0,
        "MALICIOUS": 0,
        "SANE": 0,
        "VALID": 0,
        "total": 23848
    },
    "percentage": {
        "ACTIVE": 99.97064743374706,
        "INACTIVE": 0.030966600309666,
        "INVALID": 0,
        "MALICIOUS": 0,
        "SANE": 0,
        "VALID": 0,
        "total": 100.00161403405673
    }
}