{
    "counter": {
        "ACTIVE": 6980,
        "INACTIVE": 170,
        "INVALID": 0,
        "MALICIOUS": 0,
        "SANE": 0,
        "VALID": 0,
        "total": 7150
    },
    "percentage": {
        "ACTIVE": 97.62237762237763,
        "INACTIVE": 2.395040856579318,
        "INVALID": 0,
        "MALICIOUS": 0,
        "SANE": 0,
        "VALID": 0,
        "total": 100.01741847895694
    }
}