{
    "counter": {
        "ACTIVE": 13483,
        "INACTIVE": 2,
        "INVALID": 0,
        "MALICIOUS": 0,
        "SANE": 0,
        "VALID": 0,
        "total": 13485
    },
    "percentage": {
        "ACTIVE": 99.9851687059696,
        "INACTIVE": 0.01945714563673509,
        "INVALID": 0,
        "MALICIOUS": 0,
        "SANE": 0,
        "VALID": 0,
        "total": 100.00462585160633
    }
}