{
    "counter": {
        "ACTIVE": 11690,
        "INACTIVE": 68,
        "INVALID": 0,
        "MALICIOUS": 0,
        "SANE": 0,
        "VALID": 0,
        "total": 11758
    },
    "percentage": {
        "ACTIVE": 99.42167035210069,
        "INACTIVE": 0.5802542879085246,
        "INVALID": 0,
        "MALICIOUS": 0,
        "SANE": 0,
        "VALID": 0,
        "total": 100.00192464000922
    }
}