{
    "counter": {
        "ACTIVE": 13721,
        "INACTIVE": 12,
        "INVALID": 0,
        "MALICIOUS": 0,
        "SANE": 0,
        "VALID": 0,
        "total": 13733
    },
    "percentage": {
        "ACTIVE": 99.91261923833103,
        "INACTIVE": 0.10308392749763766,
        "INVALID": 0,
        "MALICIOUS": 0,
        "SANE": 0,
        "VALID": 0,
        "total": 100.01570316582867
    }
}