{
    "counter": {
        "ACTIVE": 12582,
        "INACTIVE": 19,
        "INVALID": 0,
        "MALICIOUS": 0,
        "SANE": 0,
        "VALID": 0,
        "total": 12601
    },
    "percentage": {
        "ACTIVE": 99.84921831600667,
        "INACTIVE": 0.15714167562649906,
        "INVALID": 0,
        "MALICIOUS": 0,
        "SANE": 0,
        "VALID": 0,
        "total": 100.00635999163318
    }
}