{
    "counter": {
        "ACTIVE": 1557,
        "INACTIVE": 31,
        "INVALID": 0,
        "MALICIOUS": 0,
        "SANE": 0,
        "VALID": 0,
        "total": 1588
    },
    "percentage": {
        "ACTIVE": 98.04785894206549,
        "INACTIVE": 1.9961365099806825,
        "INVALID": 0,
        "MALICIOUS": 0,
        "SANE": 0,
        "VALID": 0,
        "total": 100.04399545204618
    }
}