{
    "counter": {
        "ACTIVE": 14026,
        "INACTIVE": 5,
        "INVALID": 0,
        "MALICIOUS": 0,
        "SANE": 0,
        "VALID": 0,
        "total": 14031
    },
    "percentage": {
        "ACTIVE": 99.96436462119593,
        "INACTIVE": 0.04596010662744737,
        "INVALID": 0,
        "MALICIOUS": 0,
        "SANE": 0,
        "VALID": 0,
        "total": 100.01032472782337
    }
}