{
    "counter": {
        "ACTIVE": 6921,
        "INACTIVE": 169,
        "INVALID": 0,
        "MALICIOUS": 0,
        "SANE": 0,
        "VALID": 0,
        "total": 7090
    },
    "percentage": {
        "ACTIVE": 97.6163610719323,
        "INACTIVE": 2.4485656331498116,
        "INVALID": 0,
        "MALICIOUS": 0,
        "SANE": 0,
        "VALID": 0,
        "total": 100.06492670508212
    }
}