{
    "counter": {
        "ACTIVE": 7749,
        "INACTIVE": 205,
        "INVALID": 0,
        "MALICIOUS": 0,
        "SANE": 0,
        "VALID": 0,
        "total": 7954
    },
    "percentage": {
        "ACTIVE": 97.42268041237114,
        "INACTIVE": 2.5903462218852664,
        "INVALID": 0,
        "MALICIOUS": 0,
        "SANE": 0,
        "VALID": 0,
        "total": 100.0130266342564
    }
}