{
    "counter": {
        "ACTIVE": 5988,
        "INACTIVE": 159,
        "INVALID": 0,
        "MALICIOUS": 0,
        "SANE": 0,
        "VALID": 0,
        "total": 6147
    },
    "percentage": {
        "ACTIVE": 97.42922225837944,
        "INACTIVE": 2.5866276232308443,
        "INVALID": 0,
        "MALICIOUS": 0,
        "SANE": 0,
        "VALID": 0,
        "total": 100.01584988161028
    }
}