{
    "counter": {
        "ACTIVE": 1882,
        "INACTIVE": 45,
        "INVALID": 0,
        "MALICIOUS": 0,
        "SANE": 0,
        "VALID": 0,
        "total": 1927
    },
    "percentage": {
        "ACTIVE": 97.66476388168137,
        "INACTIVE": 2.348643006263048,
        "INVALID": 0,
        "MALICIOUS": 0,
        "SANE": 0,
        "VALID": 0,
        "total": 100.01340688794441
    }
}