{
    "counter": {
        "ACTIVE": 12679,
        "INACTIVE": 3,
        "INVALID": 0,
        "MALICIOUS": 0,
        "SANE": 0,
        "VALID": 0,
        "total": 12682
    },
    "percentage": {
        "ACTIVE": 99.97634442516953,
        "INACTIVE": 0.025068939583855605,
        "INVALID": 0,
        "MALICIOUS": 0,
        "SANE": 0,
        "VALID": 0,
        "total": 100.00141336475339
    }
}