{
    "counter": {
        "ACTIVE": 7617,
        "INACTIVE": 189,
        "INVALID": 0,
        "MALICIOUS": 0,
        "SANE": 0,
        "VALID": 0,
        "total": 7806
    },
    "percentage": {
        "ACTIVE": 97.57878554957725,
        "INACTIVE": 2.425253432567689,
        "INVALID": 0,
        "MALICIOUS": 0,
        "SANE": 0,
        "VALID": 0,
        "total": 100.00403898214493
    }
}