{
    "counter": {
        "ACTIVE": 13315,
        "INACTIVE": 4,
        "INVALID": 0,
        "MALICIOUS": 0,
        "SANE": 0,
        "VALID": 0,
        "total": 13319
    },
    "percentage": {
        "ACTIVE": 99.96996771529395,
        "INACTIVE": 0.034677069787602946,
        "INVALID": 0,
        "MALICIOUS": 0,
        "SANE": 0,
        "VALID": 0,
        "total": 100.00464478508155
    }
}