{
    "counter": {
        "ACTIVE": 11482,
        "INACTIVE": 6,
        "INVALID": 0,
        "MALICIOUS": 0,
        "SANE": 0,
        "VALID": 0,
        "total": 11488
    },
    "percentage": {
        "ACTIVE": 99.94777158774373,
        "INACTIVE": 0.0666740748972108,
        "INVALID": 0,
        "MALICIOUS": 0,
        "SANE": 0,
        "VALID": 0,
        "total": 100.01444566264094
    }
}