{
    "counter": {
        "ACTIVE": 2224,
        "INACTIVE": 3,
        "INVALID": 0,
        "MALICIOUS": 0,
        "SANE": 0,
        "VALID": 0,
        "total": 2227
    },
    "percentage": {
        "ACTIVE": 99.86528962730131,
        "INACTIVE": 0.15511892450879008,
        "INVALID": 0,
        "MALICIOUS": 0,
        "SANE": 0,
        "VALID": 0,
        "total": 100.02040855181009
    }
}