{
    "counter": {
        "ACTIVE": 7056,
        "INACTIVE": 171,
        "INVALID": 0,
        "MALICIOUS": 0,
        "SANE": 0,
        "VALID": 0,
        "total": 7227
    },
    "percentage": {
        "ACTIVE": 97.63387297633874,
        "INACTIVE": 2.367437352900457,
        "INVALID": 0,
        "MALICIOUS": 0,
        "SANE": 0,
        "VALID": 0,
        "total": 100.00131032923919
    }
}