{
    "counter": {
        "ACTIVE": 6982,
        "INACTIVE": 169,
        "INVALID": 0,
        "MALICIOUS": 0,
        "SANE": 0,
        "VALID": 0,
        "total": 7151
    },
    "percentage": {
        "ACTIVE": 97.63669416864774,
        "INACTIVE": 2.4485656331498116,
        "INVALID": 0,
        "MALICIOUS": 0,
        "SANE": 0,
        "VALID": 0,
        "total": 100.08525980179755
    }
}