{
    "counter": {
        "ACTIVE": 1979,
        "INACTIVE": 6,
        "INVALID": 0,
        "MALICIOUS": 0,
        "SANE": 0,
        "VALID": 0,
        "total": 1985
    },
    "percentage": {
        "ACTIVE": 99.69773299748111,
        "INACTIVE": 0.31088082901554404,
        "INVALID": 0,
        "MALICIOUS": 0,
        "SANE": 0,
        "VALID": 0,
        "total": 100.00861382649666
    }
}