{
    "counter": {
        "ACTIVE": 1897,
        "INACTIVE": 45,
        "INVALID": 0,
        "MALICIOUS": 0,
        "SANE": 0,
        "VALID": 0,
        "total": 1942
    },
    "percentage": {
        "ACTIVE": 97.68280123583934,
        "INACTIVE": 2.348643006263048,
        "INVALID": 0,
        "MALICIOUS": 0,
        "SANE": 0,
        "VALID": 0,
        "total": 100.03144424210238
    }
}