{
    "counter": {
        "ACTIVE": 12737,
        "INACTIVE": 15,
        "INVALID": 0,
        "MALICIOUS": 0,
        "SANE": 0,
        "VALID": 0,
        "total": 12752
    },
    "percentage": {
        "ACTIVE": 99.8823713927227,
        "INACTIVE": 0.11893434823977164,
        "INVALID": 0,
        "MALICIOUS": 0,
        "SANE": 0,
        "VALID": 0,
        "total": 100.00130574096248
    }
}