{
    "counter": {
        "ACTIVE": 4761,
        "INACTIVE": 143,
        "INVALID": 0,
        "MALICIOUS": 0,
        "SANE": 0,
        "VALID": 0,
        "total": 4904
    },
    "percentage": {
        "ACTIVE": 97.08401305057096,
        "INACTIVE": 2.9991610738255035,
        "INVALID": 0,
        "MALICIOUS": 0,
        "SANE": 0,
        "VALID": 0,
        "total": 100.08317412439646
    }
}