{
    "counter": {
        "ACTIVE": 14161,
        "INACTIVE": 2,
        "INVALID": 0,
        "MALICIOUS": 0,
        "SANE": 0,
        "VALID": 0,
        "total": 14163
    },
    "percentage": {
        "ACTIVE": 99.98587869801595,
        "INACTIVE": 0.021285653469561516,
        "INVALID": 0,
        "MALICIOUS": 0,
        "SANE": 0,
        "VALID": 0,
        "total": 100.00716435148551
    }
}