{
    "counter": {
        "ACTIVE": 23729,
        "INACTIVE": 5,
        "INVALID": 0,
        "MALICIOUS": 0,
        "SANE": 0,
        "VALID": 0,
        "total": 23734
    },
    "percentage": {
        "ACTIVE": 99.97893317603437,
        "INACTIVE": 0.021538726630481606,
        "INVALID": 0,
        "MALICIOUS": 0,
        "SANE": 0,
        "VALID": 0,
        "total": 100.00047190266486
    }
}