{
    "counter": {
        "ACTIVE": 6642,
        "INACTIVE": 168,
        "INVALID": 0,
        "MALICIOUS": 0,
        "SANE": 0,
        "VALID": 0,
        "total": 6810
    },
    "percentage": {
        "ACTIVE": 97.5330396475771,
        "INACTIVE": 2.478972996901284,
        "INVALID": 0,
        "MALICIOUS": 0,
        "SANE": 0,
        "VALID": 0,
        "total": 100.01201264447838
    }
}