{
    "counter": {
        "ACTIVE": 904,
        "INACTIVE": 1,
        "INVALID": 0,
        "MALICIOUS": 0,
        "SANE": 0,
        "VALID": 0,
        "total": 905
    },
    "percentage": {
        "ACTIVE": 99.88950276243094,
        "INACTIVE": 0.12610340479192939,
        "INVALID": 0,
        "MALICIOUS": 0,
        "SANE": 0,
        "VALID": 0,
        "total": 100.01560616722287
    }
}