{
    "counter": {
        "ACTIVE": 13537,
        "INACTIVE": 2,
        "INVALID": 0,
        "MALICIOUS": 0,
        "SANE": 0,
        "VALID": 0,
        "total": 13539
    },
    "percentage": {
        "ACTIVE": 99.98522786025556,
        "INACTIVE": 0.017329520838748808,
        "INVALID": 0,
        "MALICIOUS": 0,
        "SANE": 0,
        "VALID": 0,
        "total": 100.0025573810943
    }
}