{
    "counter": {
        "ACTIVE": 3735,
        "INACTIVE": 99,
        "INVALID": 0,
        "MALICIOUS": 0,
        "SANE": 0,
        "VALID": 0,
        "total": 3834
    },
    "percentage": {
        "ACTIVE": 97.41784037558685,
        "INACTIVE": 2.6183549325575246,
        "INVALID": 0,
        "MALICIOUS": 0,
        "SANE": 0,
        "VALID": 0,
        "total": 100.03619530814437
    }
}