{
    "counter": {
        "ACTIVE": 25539,
        "INACTIVE": 6,
        "INVALID": 0,
        "MALICIOUS": 0,
        "SANE": 0,
        "VALID": 0,
        "total": 25545
    },
    "percentage": {
        "ACTIVE": 99.97651203758073,
        "INACTIVE": 0.024356580336120807,
        "INVALID": 0,
        "MALICIOUS": 0,
        "SANE": 0,
        "VALID": 0,
        "total": 100.00086861791685
    }
}