{
    "counter": {
        "ACTIVE": 11751,
        "INACTIVE": 2,
        "INVALID": 0,
        "MALICIOUS": 0,
        "SANE": 0,
        "VALID": 0,
        "total": 11753
    },
    "percentage": {
        "ACTIVE": 99.9829830681528,
        "INACTIVE": 0.05470459518599562,
        "INVALID": 0,
        "MALICIOUS": 0,
        "SANE": 0,
        "VALID": 0,
        "total": 100.0376876633388
    }
}