{
    "counter": {
        "ACTIVE": 2843,
        "INACTIVE": 65,
        "INVALID": 0,
        "MALICIOUS": 0,
        "SANE": 0,
        "VALID": 0,
        "total": 2908
    },
    "percentage": {
        "ACTIVE": 97.76478679504814,
        "INACTIVE": 2.2530329289428077,
        "INVALID": 0,
        "MALICIOUS": 0,
        "SANE": 0,
        "VALID": 0,
        "total": 100.01781972399094
    }
}