{
    "counter": {
        "ACTIVE": 1879,
        "INACTIVE": 45,
        "INVALID": 0,
        "MALICIOUS": 0,
        "SANE": 0,
        "VALID": 0,
        "total": 1924
    },
    "percentage": {
        "ACTIVE": 97.66112266112266,
        "INACTIVE": 2.348643006263048,
        "INVALID": 0,
        "MALICIOUS": 0,
        "SANE": 0,
        "VALID": 0,
        "total": 100.00976566738571
    }
}