{
    "counter": {
        "ACTIVE": 4202,
        "INACTIVE": 114,
        "INVALID": 0,
        "MALICIOUS": 0,
        "SANE": 0,
        "VALID": 0,
        "total": 4316
    },
    "percentage": {
        "ACTIVE": 97.35866543095459,
        "INACTIVE": 2.6848798869524257,
        "INVALID": 0,
        "MALICIOUS": 0,
        "SANE": 0,
        "VALID": 0,
        "total": 100.04354531790702
    }
}