{
    "counter": {
        "ACTIVE": 1599,
        "INACTIVE": 33,
        "INVALID": 0,
        "MALICIOUS": 0,
        "SANE": 0,
        "VALID": 0,
        "total": 1632
    },
    "percentage": {
        "ACTIVE": 97.9779411764706,
        "INACTIVE": 2.057356608478803,
        "INVALID": 0,
        "MALICIOUS": 0,
        "SANE": 0,
        "VALID": 0,
        "total": 100.03529778494939
    }
}