{
    "counter": {
        "ACTIVE": 1712,
        "INACTIVE": 37,
        "INVALID": 0,
        "MALICIOUS": 0,
        "SANE": 0,
        "VALID": 0,
        "total": 1749
    },
    "percentage": {
        "ACTIVE": 97.88450543167524,
        "INACTIVE": 2.149912841371296,
        "INVALID": 0,
        "MALICIOUS": 0,
        "SANE": 0,
        "VALID": 0,
        "total": 100.03441827304653
    }
}