{
    "counter": {
        "ACTIVE": 6943,
        "INACTIVE": 169,
        "INVALID": 0,
        "MALICIOUS": 0,
        "SANE": 0,
        "VALID": 0,
        "total": 7112
    },
    "percentage": {
        "ACTIVE": 97.62373453318335,
        "INACTIVE": 2.4485656331498116,
        "INVALID": 0,
        "MALICIOUS": 0,
        "SANE": 0,
        "VALID": 0,
        "total": 100.07230016633316
    }
}