{
    "counter": {
        "ACTIVE": 4362,
        "INACTIVE": 119,
        "INVALID": 0,
        "MALICIOUS": 0,
        "SANE": 0,
        "VALID": 0,
        "total": 4481
    },
    "percentage": {
        "ACTIVE": 97.34434278062932,
        "INACTIVE": 2.690481573592584,
        "INVALID": 0,
        "MALICIOUS": 0,
        "SANE": 0,
        "VALID": 0,
        "total": 100.0348243542219
    }
}