{
    "counter": {
        "ACTIVE": 11893,
        "INACTIVE": 3,
        "INVALID": 0,
        "MALICIOUS": 0,
        "SANE": 0,
        "VALID": 0,
        "total": 11896
    },
    "percentage": {
        "ACTIVE": 99.9747814391392,
        "INACTIVE": 0.03135779241141424,
        "INVALID": 0,
        "MALICIOUS": 0,
        "SANE": 0,
        "VALID": 0,
        "total": 100.00613923155062
    }
}