{
    "counter": {
        "ACTIVE": 13659,
        "INACTIVE": 8,
        "INVALID": 0,
        "MALICIOUS": 0,
        "SANE": 0,
        "VALID": 0,
        "total": 13667
    },
    "percentage": {
        "ACTIVE": 99.94146484232093,
        "INACTIVE": 0.061115355233002294,
        "INVALID": 0,
        "MALICIOUS": 0,
        "SANE": 0,
        "VALID": 0,
        "total": 100.00258019755393
    }
}