{
    "counter": {
        "ACTIVE": 2184,
        "INACTIVE": 78,
        "INVALID": 0,
        "MALICIOUS": 0,
        "SANE": 0,
        "VALID": 0,
        "total": 2262
    },
    "percentage": {
        "ACTIVE": 96.55172413793103,
        "INACTIVE": 3.611111111111111,
        "INVALID": 0,
        "MALICIOUS": 0,
        "SANE": 0,
        "VALID": 0,
        "total": 100.16283524904215
    }
}