{
    "counter": {
        "ACTIVE": 13359,
        "INACTIVE": 5,
        "INVALID": 0,
        "MALICIOUS": 0,
        "SANE": 0,
        "VALID": 0,
        "total": 13364
    },
    "percentage": {
        "ACTIVE": 99.96258605208021,
        "INACTIVE": 0.03869070649230055,
        "INVALID": 0,
        "MALICIOUS": 0,
        "SANE": 0,
        "VALID": 0,
        "total": 100.00127675857252
    }
}