{
    "counter": {
        "ACTIVE": 14059,
        "INACTIVE": 5,
        "INVALID": 0,
        "MALICIOUS": 0,
        "SANE": 0,
        "VALID": 0,
        "total": 14064
    },
    "percentage": {
        "ACTIVE": 99.96444823663253,
        "INACTIVE": 0.04596010662744737,
        "INVALID": 0,
        "MALICIOUS": 0,
        "SANE": 0,
        "VALID": 0,
        "total": 100.01040834325998
    }
}