{
    "counter": {
        "ACTIVE": 4116,
        "INACTIVE": 113,
        "INVALID": 0,
        "MALICIOUS": 0,
        "SANE": 0,
        "VALID": 0,
        "total": 4229
    },
    "percentage": {
        "ACTIVE": 97.32797351619769,
        "INACTIVE": 2.7420528997816063,
        "INVALID": 0,
        "MALICIOUS": 0,
        "SANE": 0,
        "VALID": 0,
        "total": 100.0700264159793
    }
}