{
    "counter": {
        "ACTIVE": 1863,
        "INACTIVE": 44,
        "INVALID": 0,
        "MALICIOUS": 0,
        "SANE": 0,
        "VALID": 0,
        "total": 1907
    },
    "percentage": {
        "ACTIVE": 97.6927110644992,
        "INACTIVE": 2.3157894736842106,
        "INVALID": 0,
        "MALICIOUS": 0,
        "SANE": 0,
        "VALID": 0,
        "total": 100.00850053818341
    }
}