{
    "counter": {
        "ACTIVE": 25527,
        "INACTIVE": 6,
        "INVALID": 0,
        "MALICIOUS": 0,
        "SANE": 0,
        "VALID": 0,
        "total": 25533
    },
    "percentage": {
        "ACTIVE": 99.97650099870755,
        "INACTIVE": 0.024356580336120807,
        "INVALID": 0,
        "MALICIOUS": 0,
        "SANE": 0,
        "VALID": 0,
        "total": 100.00085757904367
    }
}