{
    "counter": {
        "ACTIVE": 2731,
        "INACTIVE": 1,
        "INVALID": 0,
        "MALICIOUS": 0,
        "SANE": 0,
        "VALID": 0,
        "total": 2732
    },
    "percentage": {
        "ACTIVE": 99.96339677891655,
        "INACTIVE": 0.04812319538017324,
        "INVALID": 0,
        "MALICIOUS": 0,
        "SANE": 0,
        "VALID": 0,
        "total": 100.01151997429672
    }
}