{
    "counter": {
        "ACTIVE": 12860,
        "INACTIVE": 1,
        "INVALID": 0,
        "MALICIOUS": 0,
        "SANE": 0,
        "VALID": 0,
        "total": 12861
    },
    "percentage": {
        "ACTIVE": 99.99222455485577,
        "INACTIVE": 0.009425959091337543,
        "INVALID": 0,
        "MALICIOUS": 0,
        "SANE": 0,
        "VALID": 0,
        "total": 100.0016505139471
    }
}