{
    "counter": {
        "ACTIVE": 12495,
        "INACTIVE": 18,
        "INVALID": 0,
        "MALICIOUS": 0,
        "SANE": 0,
        "VALID": 0,
        "total": 12513
    },
    "percentage": {
        "ACTIVE": 99.85614960441141,
        "INACTIVE": 0.1488710611198412,
        "INVALID": 0,
        "MALICIOUS": 0,
        "SANE": 0,
        "VALID": 0,
        "total": 100.00502066553125
    }
}