{
    "counter": {
        "ACTIVE": 13535,
        "INACTIVE": 2,
        "INVALID": 0,
        "MALICIOUS": 0,
        "SANE": 0,
        "VALID": 0,
        "total": 13537
    },
    "percentage": {
        "ACTIVE": 99.98522567777204,
        "INACTIVE": 0.017329520838748808,
        "INVALID": 0,
        "MALICIOUS": 0,
        "SANE": 0,
        "VALID": 0,
        "total": 100.00255519861078
    }
}