{
    "counter": {
        "ACTIVE": 13274,
        "INACTIVE": 4,
        "INVALID": 0,
        "MALICIOUS": 0,
        "SANE": 0,
        "VALID": 0,
        "total": 13278
    },
    "percentage": {
        "ACTIVE": 99.96987498117187,
        "INACTIVE": 0.030914290130612875,
        "INVALID": 0,
        "MALICIOUS": 0,
        "SANE": 0,
        "VALID": 0,
        "total": 100.00078927130248
    }
}