{
    "counter": {
        "ACTIVE": 6371,
        "INACTIVE": 162,
        "INVALID": 0,
        "MALICIOUS": 0,
        "SANE": 0,
        "VALID": 0,
        "total": 6533
    },
    "percentage": {
        "ACTIVE": 97.52028164702281,
        "INACTIVE": 2.481997855063582,
        "INVALID": 0,
        "MALICIOUS": 0,
        "SANE": 0,
        "VALID": 0,
        "total": 100.0022795020864
    }
}