{
    "counter": {
        "ACTIVE": 4652,
        "INACTIVE": 143,
        "INVALID": 0,
        "MALICIOUS": 0,
        "SANE": 0,
        "VALID": 0,
        "total": 4795
    },
    "percentage": {
        "ACTIVE": 97.0177267987487,
        "INACTIVE": 2.9991610738255035,
        "INVALID": 0,
        "MALICIOUS": 0,
        "SANE": 0,
        "VALID": 0,
        "total": 100.0168878725742
    }
}