{
    "counter": {
        "ACTIVE": 27194,
        "INACTIVE": 8,
        "INVALID": 0,
        "MALICIOUS": 0,
        "SANE": 0,
        "VALID": 0,
        "total": 27202
    },
    "percentage": {
        "ACTIVE": 99.97059039776487,
        "INACTIVE": 0.03002101471029721,
        "INVALID": 0,
        "MALICIOUS": 0,
        "SANE": 0,
        "VALID": 0,
        "total": 100.00061141247517
    }
}