{
    "counter": {
        "ACTIVE": 26964,
        "INACTIVE": 7,
        "INVALID": 0,
        "MALICIOUS": 0,
        "SANE": 0,
        "VALID": 0,
        "total": 26971
    },
    "percentage": {
        "ACTIVE": 99.97404619776798,
        "INACTIVE": 0.026238848489392008,
        "INVALID": 0,
        "MALICIOUS": 0,
        "SANE": 0,
        "VALID": 0,
        "total": 100.00028504625737
    }
}