{
    "counter": {
        "ACTIVE": 7000,
        "INACTIVE": 171,
        "INVALID": 0,
        "MALICIOUS": 0,
        "SANE": 0,
        "VALID": 0,
        "total": 7171
    },
    "percentage": {
        "ACTIVE": 97.62900976290098,
        "INACTIVE": 2.3846046576488633,
        "INVALID": 0,
        "MALICIOUS": 0,
        "SANE": 0,
        "VALID": 0,
        "total": 100.01361442054984
    }
}