{
    "counter": {
        "ACTIVE": 519,
        "INACTIVE": 1,
        "INVALID": 0,
        "MALICIOUS": 0,
        "SANE": 0,
        "VALID": 0,
        "total": 520
    },
    "percentage": {
        "ACTIVE": 99.8076923076923,
        "INACTIVE": 0.9345794392523364,
        "INVALID": 0,
        "MALICIOUS": 0,
        "SANE": 0,
        "VALID": 0,
        "total": 100.74227174694464
    }
}