{
    "counter": {
        "ACTIVE": 13114,
        "INACTIVE": 3,
        "INVALID": 0,
        "MALICIOUS": 0,
        "SANE": 0,
        "VALID": 0,
        "total": 13117
    },
    "percentage": {
        "ACTIVE": 99.97712891667302,
        "INACTIVE": 0.02321442389538033,
        "INVALID": 0,
        "MALICIOUS": 0,
        "SANE": 0,
        "VALID": 0,
        "total": 100.0003433405684
    }
}