{
    "counter": {
        "ACTIVE": 7520,
        "INACTIVE": 197,
        "INVALID": 0,
        "MALICIOUS": 0,
        "SANE": 0,
        "VALID": 0,
        "total": 7717
    },
    "percentage": {
        "ACTIVE": 97.45982374287196,
        "INACTIVE": 2.5528054943630947,
        "INVALID": 0,
        "MALICIOUS": 0,
        "SANE": 0,
        "VALID": 0,
        "total": 100.01262923723506
    }
}