{
    "counter": {
        "ACTIVE": 11925,
        "INACTIVE": 5,
        "INVALID": 0,
        "MALICIOUS": 0,
        "SANE": 0,
        "VALID": 0,
        "total": 11930
    },
    "percentage": {
        "ACTIVE": 99.95808885163453,
        "INACTIVE": 0.046992481203007516,
        "INVALID": 0,
        "MALICIOUS": 0,
        "SANE": 0,
        "VALID": 0,
        "total": 100.00508133283753
    }
}