{
    "counter": {
        "ACTIVE": 8980,
        "INACTIVE": 4,
        "INVALID": 0,
        "MALICIOUS": 0,
        "SANE": 0,
        "VALID": 0,
        "total": 8984
    },
    "percentage": {
        "ACTIVE": 99.95547640249332,
        "INACTIVE": 0.04633920296570899,
        "INVALID": 0,
        "MALICIOUS": 0,
        "SANE": 0,
        "VALID": 0,
        "total": 100.00181560545903
    }
}