{
    "counter": {
        "ACTIVE": 13356,
        "INACTIVE": 12,
        "INVALID": 0,
        "MALICIOUS": 0,
        "SANE": 0,
        "VALID": 0,
        "total": 13368
    },
    "percentage": {
        "ACTIVE": 99.91023339317773,
        "INACTIVE": 0.0957090445047057,
        "INVALID": 0,
        "MALICIOUS": 0,
        "SANE": 0,
        "VALID": 0,
        "total": 100.00594243768244
    }
}