{
    "counter": {
        "ACTIVE": 11643,
        "INACTIVE": 9,
        "INVALID": 0,
        "MALICIOUS": 0,
        "SANE": 0,
        "VALID": 0,
        "total": 11652
    },
    "percentage": {
        "ACTIVE": 99.92276004119465,
        "INACTIVE": 0.07860948554458905,
        "INVALID": 0,
        "MALICIOUS": 0,
        "SANE": 0,
        "VALID": 0,
        "total": 100.00136952673924
    }
}