{
    "counter": {
        "ACTIVE": 1439,
        "INACTIVE": 1,
        "INVALID": 0,
        "MALICIOUS": 0,
        "SANE": 0,
        "VALID": 0,
        "total": 1440
    },
    "percentage": {
        "ACTIVE": 99.93055555555556,
        "INACTIVE": 0.07462686567164178,
        "INVALID": 0,
        "MALICIOUS": 0,
        "SANE": 0,
        "VALID": 0,
        "total": 100.0051824212272
    }
}