{
    "counter": {
        "ACTIVE": 12131,
        "INACTIVE": 2,
        "INVALID": 0,
        "MALICIOUS": 0,
        "SANE": 0,
        "VALID": 0,
        "total": 12133
    },
    "percentage": {
        "ACTIVE": 99.98351603066018,
        "INACTIVE": 0.01885014137606032,
        "INVALID": 0,
        "MALICIOUS": 0,
        "SANE": 0,
        "VALID": 0,
        "total": 100.00236617203625
    }
}