{
    "counter": {
        "ACTIVE": 14012,
        "INACTIVE": 5,
        "INVALID": 0,
        "MALICIOUS": 0,
        "SANE": 0,
        "VALID": 0,
        "total": 14017
    },
    "percentage": {
        "ACTIVE": 99.96432902903616,
        "INACTIVE": 0.04596010662744737,
        "INVALID": 0,
        "MALICIOUS": 0,
        "SANE": 0,
        "VALID": 0,
        "total": 100.01028913566361
    }
}