{
    "counter": {
        "ACTIVE": 14032,
        "INACTIVE": 5,
        "INVALID": 0,
        "MALICIOUS": 0,
        "SANE": 0,
        "VALID": 0,
        "total": 14037
    },
    "percentage": {
        "ACTIVE": 99.96437985324499,
        "INACTIVE": 0.04596010662744737,
        "INVALID": 0,
        "MALICIOUS": 0,
        "SANE": 0,
        "VALID": 0,
        "total": 100.01033995987244
    }
}