{
    "counter": {
        "ACTIVE": 12849,
        "INACTIVE": 16,
        "INVALID": 0,
        "MALICIOUS": 0,
        "SANE": 0,
        "VALID": 0,
        "total": 12865
    },
    "percentage": {
        "ACTIVE": 99.87563155849203,
        "INACTIVE": 0.12538202335240184,
        "INVALID": 0,
        "MALICIOUS": 0,
        "SANE": 0,
        "VALID": 0,
        "total": 100.00101358184443
    }
}