{
    "counter": {
        "ACTIVE": 11890,
        "INACTIVE": 6,
        "INVALID": 0,
        "MALICIOUS": 0,
        "SANE": 0,
        "VALID": 0,
        "total": 11896
    },
    "percentage": {
        "ACTIVE": 99.94956287827841,
        "INACTIVE": 0.05434290372248891,
        "INVALID": 0,
        "MALICIOUS": 0,
        "SANE": 0,
        "VALID": 0,
        "total": 100.0039057820009
    }
}