{
    "counter": {
        "ACTIVE": 3855,
        "INACTIVE": 102,
        "INVALID": 0,
        "MALICIOUS": 0,
        "SANE": 0,
        "VALID": 0,
        "total": 3957
    },
    "percentage": {
        "ACTIVE": 97.42228961334344,
        "INACTIVE": 2.591463414634146,
        "INVALID": 0,
        "MALICIOUS": 0,
        "SANE": 0,
        "VALID": 0,
        "total": 100.01375302797759
    }
}