{
    "counter": {
        "ACTIVE": 15877,
        "INACTIVE": 6,
        "INVALID": 0,
        "MALICIOUS": 0,
        "SANE": 0,
        "VALID": 0,
        "total": 15883
    },
    "percentage": {
        "ACTIVE": 99.96222376125417,
        "INACTIVE": 0.03798910978852729,
        "INVALID": 0,
        "MALICIOUS": 0,
        "SANE": 0,
        "VALID": 0,
        "total": 100.00021287104269
    }
}