{
    "counter": {
        "ACTIVE": 3921,
        "INACTIVE": 110,
        "INVALID": 0,
        "MALICIOUS": 0,
        "SANE": 0,
        "VALID": 0,
        "total": 4031
    },
    "percentage": {
        "ACTIVE": 97.27114859836269,
        "INACTIVE": 2.7438263906211025,
        "INVALID": 0,
        "MALICIOUS": 0,
        "SANE": 0,
        "VALID": 0,
        "total": 100.0149749889838
    }
}