{
    "counter": {
        "ACTIVE": 7632,
        "INACTIVE": 202,
        "INVALID": 0,
        "MALICIOUS": 0,
        "SANE": 0,
        "VALID": 0,
        "total": 7834
    },
    "percentage": {
        "ACTIVE": 97.43393335886634,
        "INACTIVE": 2.578503957110033,
        "INVALID": 0,
        "MALICIOUS": 0,
        "SANE": 0,
        "VALID": 0,
        "total": 100.01243731597637
    }
}