{
    "counter": {
        "ACTIVE": 6942,
        "INACTIVE": 170,
        "INVALID": 0,
        "MALICIOUS": 0,
        "SANE": 0,
        "VALID": 0,
        "total": 7112
    },
    "percentage": {
        "ACTIVE": 97.60967379077616,
        "INACTIVE": 2.395040856579318,
        "INVALID": 0,
        "MALICIOUS": 0,
        "SANE": 0,
        "VALID": 0,
        "total": 100.00471464735547
    }
}