{
    "counter": {
        "ACTIVE": 2157,
        "INACTIVE": 1,
        "INVALID": 0,
        "MALICIOUS": 0,
        "SANE": 0,
        "VALID": 0,
        "total": 2158
    },
    "percentage": {
        "ACTIVE": 99.95366079703429,
        "INACTIVE": 0.12239902080783353,
        "INVALID": 0,
        "MALICIOUS": 0,
        "SANE": 0,
        "VALID": 0,
        "total": 100.07605981784212
    }
}