{
    "counter": {
        "ACTIVE": 12150,
        "INACTIVE": 4,
        "INVALID": 0,
        "MALICIOUS": 0,
        "SANE": 0,
        "VALID": 0,
        "total": 12154
    },
    "percentage": {
        "ACTIVE": 99.96708902418956,
        "INACTIVE": 0.04181038988188565,
        "INVALID": 0,
        "MALICIOUS": 0,
        "SANE": 0,
        "VALID": 0,
        "total": 100.00889941407145
    }
}