{
    "counter": {
        "ACTIVE": 14806,
        "INACTIVE": 28,
        "INVALID": 0,
        "MALICIOUS": 0,
        "SANE": 0,
        "VALID": 0,
        "total": 14834
    },
    "percentage": {
        "ACTIVE": 99.8112444384522,
        "INACTIVE": 0.1891508478011214,
        "INVALID": 0,
        "MALICIOUS": 0,
        "SANE": 0,
        "VALID": 0,
        "total": 100.00039528625332
    }
}