{
    "counter": {
        "ACTIVE": 11626,
        "INACTIVE": 12,
        "INVALID": 0,
        "MALICIOUS": 0,
        "SANE": 0,
        "VALID": 0,
        "total": 11638
    },
    "percentage": {
        "ACTIVE": 99.89688949991408,
        "INACTIVE": 0.10721944245889921,
        "INVALID": 0,
        "MALICIOUS": 0,
        "SANE": 0,
        "VALID": 0,
        "total": 100.00410894237298
    }
}