{
    "counter": {
        "ACTIVE": 3884,
        "INACTIVE": 108,
        "INVALID": 0,
        "MALICIOUS": 0,
        "SANE": 0,
        "VALID": 0,
        "total": 3992
    },
    "percentage": {
        "ACTIVE": 97.31896767727386,
        "INACTIVE": 2.7054108216432864,
        "INVALID": 0,
        "MALICIOUS": 0,
        "SANE": 0,
        "VALID": 0,
        "total": 100.02437849891714
    }
}