{
    "counter": {
        "ACTIVE": 7552,
        "INACTIVE": 200,
        "INVALID": 0,
        "MALICIOUS": 0,
        "SANE": 0,
        "VALID": 0,
        "total": 7752
    },
    "percentage": {
        "ACTIVE": 97.42002063983489,
        "INACTIVE": 2.5846471956577926,
        "INVALID": 0,
        "MALICIOUS": 0,
        "SANE": 0,
        "VALID": 0,
        "total": 100.00466783549268
    }
}