{
    "counter": {
        "ACTIVE": 12906,
        "INACTIVE": 69,
        "INVALID": 0,
        "MALICIOUS": 0,
        "SANE": 0,
        "VALID": 0,
        "total": 12975
    },
    "percentage": {
        "ACTIVE": 99.46820809248555,
        "INACTIVE": 0.5495818399044206,
        "INVALID": 0,
        "MALICIOUS": 0,
        "SANE": 0,
        "VALID": 0,
        "total": 100.01778993238997
    }
}