{
    "counter": {
        "ACTIVE": 6657,
        "INACTIVE": 168,
        "INVALID": 0,
        "MALICIOUS": 0,
        "SANE": 0,
        "VALID": 0,
        "total": 6825
    },
    "percentage": {
        "ACTIVE": 97.53846153846153,
        "INACTIVE": 2.478972996901284,
        "INVALID": 0,
        "MALICIOUS": 0,
        "SANE": 0,
        "VALID": 0,
        "total": 100.01743453536281
    }
}