{
    "counter": {
        "ACTIVE": 27152,
        "INACTIVE": 8,
        "INVALID": 0,
        "MALICIOUS": 0,
        "SANE": 0,
        "VALID": 0,
        "total": 27160
    },
    "percentage": {
        "ACTIVE": 99.97054491899853,
        "INACTIVE": 0.03002101471029721,
        "INVALID": 0,
        "MALICIOUS": 0,
        "SANE": 0,
        "VALID": 0,
        "total": 100.00056593370883
    }
}