{
    "counter": {
        "ACTIVE": 8418,
        "INACTIVE": 234,
        "INVALID": 0,
        "MALICIOUS": 0,
        "SANE": 0,
        "VALID": 0,
        "total": 8652
    },
    "percentage": {
        "ACTIVE": 97.30666974916194,
        "INACTIVE": 2.7045769764216367,
        "INVALID": 0,
        "MALICIOUS": 0,
        "SANE": 0,
        "VALID": 0,
        "total": 100.01124672558358
    }
}