{
    "counter": {
        "ACTIVE": 14036,
        "INACTIVE": 5,
        "INVALID": 0,
        "MALICIOUS": 0,
        "SANE": 0,
        "VALID": 0,
        "total": 14041
    },
    "percentage": {
        "ACTIVE": 99.9643900007122,
        "INACTIVE": 0.04596010662744737,
        "INVALID": 0,
        "MALICIOUS": 0,
        "SANE": 0,
        "VALID": 0,
        "total": 100.01035010733965
    }
}