{
    "counter": {
        "ACTIVE": 1656,
        "INACTIVE": 37,
        "INVALID": 0,
        "MALICIOUS": 0,
        "SANE": 0,
        "VALID": 0,
        "total": 1693
    },
    "percentage": {
        "ACTIVE": 97.8145304193739,
        "INACTIVE": 2.2302591922845085,
        "INVALID": 0,
        "MALICIOUS": 0,
        "SANE": 0,
        "VALID": 0,
        "total": 100.0447896116584
    }
}