{
    "counter": {
        "ACTIVE": 1862,
        "INACTIVE": 44,
        "INVALID": 0,
        "MALICIOUS": 0,
        "SANE": 0,
        "VALID": 0,
        "total": 1906
    },
    "percentage": {
        "ACTIVE": 97.69150052465898,
        "INACTIVE": 2.3157894736842106,
        "INVALID": 0,
        "MALICIOUS": 0,
        "SANE": 0,
        "VALID": 0,
        "total": 100.00728999834318
    }
}