{
    "counter": {
        "ACTIVE": 13759,
        "INACTIVE": 2,
        "INVALID": 0,
        "MALICIOUS": 0,
        "SANE": 0,
        "VALID": 0,
        "total": 13761
    },
    "percentage": {
        "ACTIVE": 99.98546617251654,
        "INACTIVE": 0.0158052789631737,
        "INVALID": 0,
        "MALICIOUS": 0,
        "SANE": 0,
        "VALID": 0,
        "total": 100.00127145147971
    }
}