{
    "counter": {
        "ACTIVE": 2392,
        "INACTIVE": 80,
        "INVALID": 0,
        "MALICIOUS": 0,
        "SANE": 0,
        "VALID": 0,
        "total": 2472
    },
    "percentage": {
        "ACTIVE": 96.76375404530744,
        "INACTIVE": 3.3236393851267136,
        "INVALID": 0,
        "MALICIOUS": 0,
        "SANE": 0,
        "VALID": 0,
        "total": 100.08739343043415
    }
}