{
    "counter": {
        "ACTIVE": 11323,
        "INACTIVE": 8,
        "INVALID": 0,
        "MALICIOUS": 0,
        "SANE": 0,
        "VALID": 0,
        "total": 11331
    },
    "percentage": {
        "ACTIVE": 99.92939722884124,
        "INACTIVE": 0.07840831128099579,
        "INVALID": 0,
        "MALICIOUS": 0,
        "SANE": 0,
        "VALID": 0,
        "total": 100.00780554012223
    }
}