{
    "counter": {
        "ACTIVE": 3951,
        "INACTIVE": 1,
        "INVALID": 0,
        "MALICIOUS": 0,
        "SANE": 0,
        "VALID": 0,
        "total": 3952
    },
    "percentage": {
        "ACTIVE": 99.9746963562753,
        "INACTIVE": 0.07462686567164178,
        "INVALID": 0,
        "MALICIOUS": 0,
        "SANE": 0,
        "VALID": 0,
        "total": 100.04932322194695
    }
}