{
    "counter": {
        "ACTIVE": 1484,
        "INACTIVE": 27,
        "INVALID": 0,
        "MALICIOUS": 0,
        "SANE": 0,
        "VALID": 0,
        "total": 1511
    },
    "percentage": {
        "ACTIVE": 98.21310390469887,
        "INACTIVE": 1.8218623481781377,
        "INVALID": 0,
        "MALICIOUS": 0,
        "SANE": 0,
        "VALID": 0,
        "total": 100.03496625287701
    }
}