{
    "counter": {
        "ACTIVE": 11841,
        "INACTIVE": 9,
        "INVALID": 0,
        "MALICIOUS": 0,
        "SANE": 0,
        "VALID": 0,
        "total": 11850
    },
    "percentage": {
        "ACTIVE": 99.92405063291139,
        "INACTIVE": 0.07934408886537953,
        "INVALID": 0,
        "MALICIOUS": 0,
        "SANE": 0,
        "VALID": 0,
        "total": 100.00339472177677
    }
}