{
    "counter": {
        "ACTIVE": 27220,
        "INACTIVE": 8,
        "INVALID": 0,
        "MALICIOUS": 0,
        "SANE": 0,
        "VALID": 0,
        "total": 27228
    },
    "percentage": {
        "ACTIVE": 99.97061848097546,
        "INACTIVE": 0.03002101471029721,
        "INVALID": 0,
        "MALICIOUS": 0,
        "SANE": 0,
        "VALID": 0,
        "total": 100.00063949568576
    }
}