{
    "counter": {
        "ACTIVE": 11725,
        "INACTIVE": 9,
        "INVALID": 0,
        "MALICIOUS": 0,
        "SANE": 0,
        "VALID": 0,
        "total": 11734
    },
    "percentage": {
        "ACTIVE": 99.92329981251065,
        "INACTIVE": 0.07928816844330897,
        "INVALID": 0,
        "MALICIOUS": 0,
        "SANE": 0,
        "VALID": 0,
        "total": 100.00258798095396
    }
}