{
    "counter": {
        "ACTIVE": 13926,
        "INACTIVE": 1,
        "INVALID": 0,
        "MALICIOUS": 0,
        "SANE": 0,
        "VALID": 0,
        "total": 13927
    },
    "percentage": {
        "ACTIVE": 99.99281970273569,
        "INACTIVE": 0.01013273887931908,
        "INVALID": 0,
        "MALICIOUS": 0,
        "SANE": 0,
        "VALID": 0,
        "total": 100.00295244161501
    }
}