{
    "counter": {
        "ACTIVE": 6808,
        "INACTIVE": 169,
        "INVALID": 0,
        "MALICIOUS": 0,
        "SANE": 0,
        "VALID": 0,
        "total": 6977
    },
    "percentage": {
        "ACTIVE": 97.57775548229898,
        "INACTIVE": 2.4485656331498116,
        "INVALID": 0,
        "MALICIOUS": 0,
        "SANE": 0,
        "VALID": 0,
        "total": 100.0263211154488
    }
}