{
    "counter": {
        "ACTIVE": 1624,
        "INACTIVE": 33,
        "INVALID": 0,
        "MALICIOUS": 0,
        "SANE": 0,
        "VALID": 0,
        "total": 1657
    },
    "percentage": {
        "ACTIVE": 98.0084490042245,
        "INACTIVE": 2.057356608478803,
        "INVALID": 0,
        "MALICIOUS": 0,
        "SANE": 0,
        "VALID": 0,
        "total": 100.0658056127033
    }
}