{
    "counter": {
        "ACTIVE": 11723,
        "INACTIVE": 259,
        "INVALID": 0,
        "MALICIOUS": 0,
        "SANE": 0,
        "VALID": 0,
        "total": 11982
    },
    "percentage": {
        "ACTIVE": 97.83842430312134,
        "INACTIVE": 2.3588342440801457,
        "INVALID": 0,
        "MALICIOUS": 0,
        "SANE": 0,
        "VALID": 0,
        "total": 100.19725854720149
    }
}