{
    "counter": {
        "ACTIVE": 1756,
        "INACTIVE": 40,
        "INVALID": 0,
        "MALICIOUS": 0,
        "SANE": 0,
        "VALID": 0,
        "total": 1796
    },
    "percentage": {
        "ACTIVE": 97.7728285077951,
        "INACTIVE": 2.2396416573348263,
        "INVALID": 0,
        "MALICIOUS": 0,
        "SANE": 0,
        "VALID": 0,
        "total": 100.01247016512993
    }
}