{
    "counter": {
        "ACTIVE": 7020,
        "INACTIVE": 171,
        "INVALID": 0,
        "MALICIOUS": 0,
        "SANE": 0,
        "VALID": 0,
        "total": 7191
    },
    "percentage": {
        "ACTIVE": 97.62202753441802,
        "INACTIVE": 2.3846046576488633,
        "INVALID": 0,
        "MALICIOUS": 0,
        "SANE": 0,
        "VALID": 0,
        "total": 100.00663219206689
    }
}