{
    "counter": {
        "ACTIVE": 3674,
        "INACTIVE": 2,
        "INVALID": 0,
        "MALICIOUS": 0,
        "SANE": 0,
        "VALID": 0,
        "total": 3676
    },
    "percentage": {
        "ACTIVE": 99.9455930359086,
        "INACTIVE": 0.09596928982725528,
        "INVALID": 0,
        "MALICIOUS": 0,
        "SANE": 0,
        "VALID": 0,
        "total": 100.04156232573585
    }
}