{
    "counter": {
        "ACTIVE": 1998,
        "INACTIVE": 47,
        "INVALID": 0,
        "MALICIOUS": 0,
        "SANE": 0,
        "VALID": 0,
        "total": 2045
    },
    "percentage": {
        "ACTIVE": 97.70171149144254,
        "INACTIVE": 2.311854402361043,
        "INVALID": 0,
        "MALICIOUS": 0,
        "SANE": 0,
        "VALID": 0,
        "total": 100.01356589380359
    }
}