{
    "counter": {
        "ACTIVE": 24617,
        "INACTIVE": 8,
        "INVALID": 0,
        "MALICIOUS": 0,
        "SANE": 0,
        "VALID": 0,
        "total": 24625
    },
    "percentage": {
        "ACTIVE": 99.96751269035533,
        "INACTIVE": 0.032764057828562065,
        "INVALID": 0,
        "MALICIOUS": 0,
        "SANE": 0,
        "VALID": 0,
        "total": 100.0002767481839
    }
}