{
    "counter": {
        "ACTIVE": 5674,
        "INACTIVE": 154,
        "INVALID": 0,
        "MALICIOUS": 0,
        "SANE": 0,
        "VALID": 0,
        "total": 5828
    },
    "percentage": {
        "ACTIVE": 97.35758407687028,
        "INACTIVE": 2.681992337164751,
        "INVALID": 0,
        "MALICIOUS": 0,
        "SANE": 0,
        "VALID": 0,
        "total": 100.03957641403504
    }
}