{
    "counter": {
        "ACTIVE": 11028,
        "INACTIVE": 1,
        "INVALID": 0,
        "MALICIOUS": 0,
        "SANE": 0,
        "VALID": 0,
        "total": 11029
    },
    "percentage": {
        "ACTIVE": 99.99093299483181,
        "INACTIVE": 0.009424182452172273,
        "INVALID": 0,
        "MALICIOUS": 0,
        "SANE": 0,
        "VALID": 0,
        "total": 100.00035717728399
    }
}