{
    "counter": {
        "ACTIVE": 5684,
        "INACTIVE": 154,
        "INVALID": 0,
        "MALICIOUS": 0,
        "SANE": 0,
        "VALID": 0,
        "total": 5838
    },
    "percentage": {
        "ACTIVE": 97.3621103117506,
        "INACTIVE": 2.681992337164751,
        "INVALID": 0,
        "MALICIOUS": 0,
        "SANE": 0,
        "VALID": 0,
        "total": 100.04410264891536
    }
}