{
    "counter": {
        "ACTIVE": 13723,
        "INACTIVE": 1,
        "INVALID": 0,
        "MALICIOUS": 0,
        "SANE": 0,
        "VALID": 0,
        "total": 13724
    },
    "percentage": {
        "ACTIVE": 99.99271349460798,
        "INACTIVE": 0.010285949393128985,
        "INVALID": 0,
        "MALICIOUS": 0,
        "SANE": 0,
        "VALID": 0,
        "total": 100.0029994440011
    }
}