{
    "counter": {
        "ACTIVE": 11700,
        "INACTIVE": 259,
        "INVALID": 0,
        "MALICIOUS": 0,
        "SANE": 0,
        "VALID": 0,
        "total": 11959
    },
    "percentage": {
        "ACTIVE": 97.83426707918723,
        "INACTIVE": 2.3588342440801457,
        "INVALID": 0,
        "MALICIOUS": 0,
        "SANE": 0,
        "VALID": 0,
        "total": 100.19310132326737
    }
}