{
    "counter": {
        "ACTIVE": 1870,
        "INACTIVE": 44,
        "INVALID": 0,
        "MALICIOUS": 0,
        "SANE": 0,
        "VALID": 0,
        "total": 1914
    },
    "percentage": {
        "ACTIVE": 97.70114942528735,
        "INACTIVE": 2.3157894736842106,
        "INVALID": 0,
        "MALICIOUS": 0,
        "SANE": 0,
        "VALID": 0,
        "total": 100.01693889897156
    }
}