{
    "counter": {
        "ACTIVE": 14035,
        "INACTIVE": 5,
        "INVALID": 0,
        "MALICIOUS": 0,
        "SANE": 0,
        "VALID": 0,
        "total": 14040
    },
    "percentage": {
        "ACTIVE": 99.96438746438747,
        "INACTIVE": 0.04596010662744737,
        "INVALID": 0,
        "MALICIOUS": 0,
        "SANE": 0,
        "VALID": 0,
        "total": 100.01034757101492
    }
}