{
    "counter": {
        "ACTIVE": 4852,
        "INACTIVE": 143,
        "INVALID": 0,
        "MALICIOUS": 0,
        "SANE": 0,
        "VALID": 0,
        "total": 4995
    },
    "percentage": {
        "ACTIVE": 97.13713713713713,
        "INACTIVE": 2.9991610738255035,
        "INVALID": 0,
        "MALICIOUS": 0,
        "SANE": 0,
        "VALID": 0,
        "total": 100.13629821096264
    }
}