{
    "counter": {
        "ACTIVE": 23199,
        "INACTIVE": 8,
        "INVALID": 0,
        "MALICIOUS": 0,
        "SANE": 0,
        "VALID": 0,
        "total": 23207
    },
    "percentage": {
        "ACTIVE": 99.96552764252165,
        "INACTIVE": 0.035390400353904006,
        "INVALID": 0,
        "MALICIOUS": 0,
        "SANE": 0,
        "VALID": 0,
        "total": 100.00091804287555
    }
}