{
    "counter": {
        "ACTIVE": 13146,
        "INACTIVE": 4,
        "INVALID": 0,
        "MALICIOUS": 0,
        "SANE": 0,
        "VALID": 0,
        "total": 13150
    },
    "percentage": {
        "ACTIVE": 99.96958174904942,
        "INACTIVE": 0.033425252778474135,
        "INVALID": 0,
        "MALICIOUS": 0,
        "SANE": 0,
        "VALID": 0,
        "total": 100.0030070018279
    }
}