{
    "counter": {
        "ACTIVE": 12658,
        "INACTIVE": 10,
        "INVALID": 0,
        "MALICIOUS": 0,
        "SANE": 0,
        "VALID": 0,
        "total": 12668
    },
    "percentage": {
        "ACTIVE": 99.92106094095358,
        "INACTIVE": 0.08080155138978669,
        "INVALID": 0,
        "MALICIOUS": 0,
        "SANE": 0,
        "VALID": 0,
        "total": 100.00186249234336
    }
}