{
    "counter": {
        "ACTIVE": 13167,
        "INACTIVE": 21,
        "INVALID": 0,
        "MALICIOUS": 0,
        "SANE": 0,
        "VALID": 0,
        "total": 13188
    },
    "percentage": {
        "ACTIVE": 99.8407643312102,
        "INACTIVE": 0.16968325791855204,
        "INVALID": 0,
        "MALICIOUS": 0,
        "SANE": 0,
        "VALID": 0,
        "total": 100.01044758912874
    }
}