{
    "counter": {
        "ACTIVE": 23957,
        "INACTIVE": 7,
        "INVALID": 0,
        "MALICIOUS": 0,
        "SANE": 0,
        "VALID": 0,
        "total": 23964
    },
    "percentage": {
        "ACTIVE": 99.97078951760975,
        "INACTIVE": 0.030966600309666,
        "INVALID": 0,
        "MALICIOUS": 0,
        "SANE": 0,
        "VALID": 0,
        "total": 100.00175611791941
    }
}