{
    "counter": {
        "ACTIVE": 1979,
        "INACTIVE": 47,
        "INVALID": 0,
        "MALICIOUS": 0,
        "SANE": 0,
        "VALID": 0,
        "total": 2026
    },
    "percentage": {
        "ACTIVE": 97.68015794669299,
        "INACTIVE": 2.332506203473945,
        "INVALID": 0,
        "MALICIOUS": 0,
        "SANE": 0,
        "VALID": 0,
        "total": 100.01266415016693
    }
}