{
    "counter": {
        "ACTIVE": 5571,
        "INACTIVE": 152,
        "INVALID": 0,
        "MALICIOUS": 0,
        "SANE": 0,
        "VALID": 0,
        "total": 5723
    },
    "percentage": {
        "ACTIVE": 97.34405032325704,
        "INACTIVE": 2.6643295354951797,
        "INVALID": 0,
        "MALICIOUS": 0,
        "SANE": 0,
        "VALID": 0,
        "total": 100.00837985875222
    }
}