{
    "counter": {
        "ACTIVE": 11305,
        "INACTIVE": 8,
        "INVALID": 0,
        "MALICIOUS": 0,
        "SANE": 0,
        "VALID": 0,
        "total": 11313
    },
    "percentage": {
        "ACTIVE": 99.92928489348537,
        "INACTIVE": 0.07835455435847209,
        "INVALID": 0,
        "MALICIOUS": 0,
        "SANE": 0,
        "VALID": 0,
        "total": 100.00763944784384
    }
}