{
    "counter": {
        "ACTIVE": 8057,
        "INACTIVE": 218,
        "INVALID": 0,
        "MALICIOUS": 0,
        "SANE": 0,
        "VALID": 0,
        "total": 8275
    },
    "percentage": {
        "ACTIVE": 97.3655589123867,
        "INACTIVE": 2.639544739072527,
        "INVALID": 0,
        "MALICIOUS": 0,
        "SANE": 0,
        "VALID": 0,
        "total": 100.00510365145924
    }
}