{
    "counter": {
        "ACTIVE": 2939,
        "INACTIVE": 84,
        "INVALID": 0,
        "MALICIOUS": 0,
        "SANE": 0,
        "VALID": 0,
        "total": 3023
    },
    "percentage": {
        "ACTIVE": 97.22130334105194,
        "INACTIVE": 3.0973451327433628,
        "INVALID": 0,
        "MALICIOUS": 0,
        "SANE": 0,
        "VALID": 0,
        "total": 100.31864847379529
    }
}