{
    "counter": {
        "ACTIVE": 23717,
        "INACTIVE": 11,
        "INVALID": 0,
        "MALICIOUS": 0,
        "SANE": 0,
        "VALID": 0,
        "total": 23728
    },
    "percentage": {
        "ACTIVE": 99.9536412677006,
        "INACTIVE": 0.0498527079084523,
        "INVALID": 0,
        "MALICIOUS": 0,
        "SANE": 0,
        "VALID": 0,
        "total": 100.00349397560906
    }
}