{
    "counter": {
        "ACTIVE": 26711,
        "INACTIVE": 12,
        "INVALID": 0,
        "MALICIOUS": 0,
        "SANE": 0,
        "VALID": 0,
        "total": 26723
    },
    "percentage": {
        "ACTIVE": 99.9550948621038,
        "INACTIVE": 0.045966444495518274,
        "INVALID": 0,
        "MALICIOUS": 0,
        "SANE": 0,
        "VALID": 0,
        "total": 100.00106130659933
    }
}