{
    "counter": {
        "ACTIVE": 2710,
        "INACTIVE": 84,
        "INVALID": 0,
        "MALICIOUS": 0,
        "SANE": 0,
        "VALID": 0,
        "total": 2794
    },
    "percentage": {
        "ACTIVE": 96.99355762347888,
        "INACTIVE": 3.0973451327433628,
        "INVALID": 0,
        "MALICIOUS": 0,
        "SANE": 0,
        "VALID": 0,
        "total": 100.09090275622223
    }
}