{
    "counter": {
        "ACTIVE": 27207,
        "INACTIVE": 8,
        "INVALID": 0,
        "MALICIOUS": 0,
        "SANE": 0,
        "VALID": 0,
        "total": 27215
    },
    "percentage": {
        "ACTIVE": 99.97060444607753,
        "INACTIVE": 0.03002101471029721,
        "INVALID": 0,
        "MALICIOUS": 0,
        "SANE": 0,
        "VALID": 0,
        "total": 100.00062546078783
    }
}