{
    "counter": {
        "ACTIVE": 120065,
        "INACTIVE": 10685,
        "INVALID": 2,
        "MALICIOUS": 0,
        "SANE": 0,
        "VALID": 0,
        "total": 130752
    },
    "percentage": {
        "ACTIVE": 91.826511257954,
        "INACTIVE": 8.176273884131831,
        "INVALID": 0.0017301038062283738,
        "MALICIOUS": 0,
        "SANE": 0,
        "VALID": 0,
        "total": 100.00451524589205
    }
}