{
    "counter": {
        "ACTIVE": 146997,
        "INACTIVE": 10733,
        "INVALID": 2,
        "MALICIOUS": 0,
        "SANE": 0,
        "VALID": 0,
        "total": 157732
    },
    "percentage": {
        "ACTIVE": 93.19415210610403,
        "INACTIVE": 6.816810522772453,
        "INVALID": 0.0017301038062283738,
        "MALICIOUS": 0,
        "SANE": 0,
        "VALID": 0,
        "total": 100.01269273268271
    }
}