{
    "counter": {
        "ACTIVE": 173883,
        "INACTIVE": 10844,
        "INVALID": 2,
        "MALICIOUS": 0,
        "SANE": 0,
        "VALID": 0,
        "total": 184729
    },
    "percentage": {
        "ACTIVE": 94.1286966312815,
        "INACTIVE": 5.876041745689421,
        "INVALID": 0.0017301038062283738,
        "MALICIOUS": 0,
        "SANE": 0,
        "VALID": 0,
        "total": 100.00646848077714
    }
}