{
    "counter": {
        "ACTIVE": 93140,
        "INACTIVE": 10102,
        "INVALID": 1,
        "MALICIOUS": 0,
        "SANE": 0,
        "VALID": 0,
        "total": 103243
    },
    "percentage": {
        "ACTIVE": 90.21434867254924,
        "INACTIVE": 10.702178150690736,
        "INVALID": 0.0011583861364347192,
        "MALICIOUS": 0,
        "SANE": 0,
        "VALID": 0,
        "total": 100.91768520937642
    }
}