{
    "counter": {
        "ACTIVE": 20198,
        "INACTIVE": 109,
        "INVALID": 0,
        "MALICIOUS": 0,
        "SANE": 0,
        "VALID": 0,
        "total": 20307
    },
    "percentage": {
        "ACTIVE": 99.46323927709656,
        "INACTIVE": 0.5391235532693639,
        "INVALID": 0,
        "MALICIOUS": 0,
        "SANE": 0,
        "VALID": 0,
        "total": 100.00236283036593
    }
}