{
    "counter": {
        "ACTIVE": 33530,
        "INACTIVE": 139,
        "INVALID": 0,
        "MALICIOUS": 0,
        "SANE": 0,
        "VALID": 0,
        "total": 33669
    },
    "percentage": {
        "ACTIVE": 99.5871573257299,
        "INACTIVE": 0.4128917273132333,
        "INVALID": 0,
        "MALICIOUS": 0,
        "SANE": 0,
        "VALID": 0,
        "total": 100.00004905304314
    }
}