{
    "counter": {
        "ACTIVE": 6757,
        "INACTIVE": 55,
        "INVALID": 0,
        "MALICIOUS": 0,
        "SANE": 0,
        "VALID": 0,
        "total": 6812
    },
    "percentage": {
        "ACTIVE": 99.19260129183793,
        "INACTIVE": 0.8361204013377926,
        "INVALID": 0,
        "MALICIOUS": 0,
        "SANE": 0,
        "VALID": 0,
        "total": 100.02872169317573
    }
}