{
    "counter": {
        "ACTIVE": 26879,
        "INACTIVE": 121,
        "INVALID": 0,
        "MALICIOUS": 0,
        "SANE": 0,
        "VALID": 0,
        "total": 27000
    },
    "percentage": {
        "ACTIVE": 99.55185185185185,
        "INACTIVE": 0.44979740530091816,
        "INVALID": 0,
        "MALICIOUS": 0,
        "SANE": 0,
        "VALID": 0,
        "total": 100.00164925715276
    }
}