{
    "counter": {
        "ACTIVE": 13514,
        "INACTIVE": 55,
        "INVALID": 0,
        "MALICIOUS": 0,
        "SANE": 0,
        "VALID": 0,
        "total": 13569
    },
    "percentage": {
        "ACTIVE": 99.59466430834992,
        "INACTIVE": 0.8361204013377926,
        "INVALID": 0,
        "MALICIOUS": 0,
        "SANE": 0,
        "VALID": 0,
        "total": 100.43078470968771
    }
}