{
    "counter": {
        "ACTIVE": 582,
        "INACTIVE": 3,
        "INVALID": 0,
        "MALICIOUS": 0,
        "SANE": 0,
        "VALID": 0,
        "total": 585
    },
    "percentage": {
        "ACTIVE": 99.48717948717949,
        "INACTIVE": 0.783289817232376,
        "INVALID": 0,
        "MALICIOUS": 0,
        "SANE": 0,
        "VALID": 0,
        "total": 100.27046930441186
    }
}