{
    "counter": {
        "ACTIVE": 4253,
        "INACTIVE": 6,
        "INVALID": 0,
        "MALICIOUS": 0,
        "SANE": 0,
        "VALID": 0,
        "total": 4259
    },
    "percentage": {
        "ACTIVE": 99.85912185959145,
        "INACTIVE": 0.1423487544483986,
        "INVALID": 0,
        "MALICIOUS": 0,
        "SANE": 0,
        "VALID": 0,
        "total": 100.00147061403985
    }
}