{
    "counter": {
        "ACTIVE": 2416,
        "INACTIVE": 2,
        "INVALID": 0,
        "MALICIOUS": 0,
        "SANE": 0,
        "VALID": 0,
        "total": 2418
    },
    "percentage": {
        "ACTIVE": 99.9172870140612,
        "INACTIVE": 0.16233766233766234,
        "INVALID": 0,
        "MALICIOUS": 0,
        "SANE": 0,
        "VALID": 0,
        "total": 100.07962467639886
    }
}