{
    "counter": {
        "ACTIVE": 2348,
        "INACTIVE": 3,
        "INVALID": 0,
        "MALICIOUS": 0,
        "SANE": 0,
        "VALID": 0,
        "total": 2351
    },
    "percentage": {
        "ACTIVE": 99.87239472564866,
        "INACTIVE": 0.1928020565552699,
        "INVALID": 0,
        "MALICIOUS": 0,
        "SANE": 0,
        "VALID": 0,
        "total": 100.06519678220393
    }
}