{
    "counter": {
        "ACTIVE": 18075,
        "INACTIVE": 15,
        "INVALID": 2,
        "MALICIOUS": 0,
        "SANE": 0,
        "VALID": 0,
        "total": 18092
    },
    "percentage": {
        "ACTIVE": 99.90603581693566,
        "INACTIVE": 0.08366800535475234,
        "INVALID": 0.026174584478471406,
        "MALICIOUS": 0,
        "SANE": 0,
        "VALID": 0,
        "total": 100.01587840676888
    }
}