{
    "counter": {
        "ACTIVE": 1,
        "INACTIVE": 0,
        "INVALID": 20,
        "MALICIOUS": 0,
        "SANE": 0,
        "VALID": 0,
        "total": 21
    },
    "percentage": {
        "ACTIVE": 33.333333333333336,
        "INACTIVE": 0,
        "INVALID": 95.23809523809524,
        "MALICIOUS": 0,
        "SANE": 0,
        "VALID": 0,
        "total": 128.57142857142858
    }
}