{
    "counter": {
        "ACTIVE": 2,
        "INACTIVE": 21,
        "INVALID": 21,
        "MALICIOUS": 0,
        "SANE": 0,
        "VALID": 0,
        "total": 44
    },
    "percentage": {
        "ACTIVE": 4.545454545454546,
        "INACTIVE": 100.0,
        "INVALID": 48.83720930232558,
        "MALICIOUS": 0,
        "SANE": 0,
        "VALID": 0,
        "total": 153.38266384778012
    }
}