{
    "counter": {
        "ACTIVE": 1,
        "INACTIVE": 21,
        "INVALID": 21,
        "MALICIOUS": 0,
        "SANE": 0,
        "VALID": 0,
        "total": 43
    },
    "percentage": {
        "ACTIVE": 3.0303030303030303,
        "INACTIVE": 100.0,
        "INVALID": 48.83720930232558,
        "MALICIOUS": 0,
        "SANE": 0,
        "VALID": 0,
        "total": 151.86751233262862
    }
}