{
    "counter": {
        "ACTIVE": 4,
        "INACTIVE": 21,
        "INVALID": 21,
        "MALICIOUS": 0,
        "SANE": 0,
        "VALID": 0,
        "total": 46
    },
    "percentage": {
        "ACTIVE": 8.695652173913043,
        "INACTIVE": 100.0,
        "INVALID": 48.83720930232558,
        "MALICIOUS": 0,
        "SANE": 0,
        "VALID": 0,
        "total": 157.53286147623862
    }
}