{
    "counter": {
        "ACTIVE": 3,
        "INACTIVE": 21,
        "INVALID": 21,
        "MALICIOUS": 0,
        "SANE": 0,
        "VALID": 0,
        "total": 45
    },
    "percentage": {
        "ACTIVE": 6.666666666666667,
        "INACTIVE": 100.0,
        "INVALID": 48.83720930232558,
        "MALICIOUS": 0,
        "SANE": 0,
        "VALID": 0,
        "total": 155.50387596899225
    }
}