{
    "counter": {
        "ACTIVE": 5,
        "INACTIVE": 21,
        "INVALID": 21,
        "MALICIOUS": 0,
        "SANE": 0,
        "VALID": 0,
        "total": 47
    },
    "percentage": {
        "ACTIVE": 10.638297872340425,
        "INACTIVE": 100.0,
        "INVALID": 48.83720930232558,
        "MALICIOUS": 0,
        "SANE": 0,
        "VALID": 0,
        "total": 159.475507174666
    }
}